split_type,threshold,method,strategy,bin,count,mean_predicted,observed_rate,min_predicted,max_predicted,abs_gap,weight,test_gateway
Time,0.1,uncalibrated,equal_width,0.0,16860,0.003948839738624381,0.00023724792408066428,0.0006300611282521346,0.09976758734173787,0.003711591814543717,0.4712656529516995,
Time,0.1,uncalibrated,equal_width,1.0,1201,0.15311047177450282,0.00832639467110741,0.10006384407248975,0.19997091534953076,0.14478407710339541,0.033569991055456175,
Time,0.1,uncalibrated,equal_width,2.0,1477,0.25084306089579556,0.027081922816519974,0.20005802642948994,0.2996514027994397,0.22376113807927558,0.041284660107334524,
Time,0.1,uncalibrated,equal_width,3.0,1703,0.34987481634007506,0.028772753963593658,0.30016874690427753,0.3999880852925171,0.3211020623764814,0.04760174418604651,
Time,0.1,uncalibrated,equal_width,4.0,1923,0.4513515422502361,0.050442017680707225,0.4000064667765898,0.49996168011109315,0.4009095245695289,0.05375111806797853,
Time,0.1,uncalibrated,equal_width,5.0,2074,0.5506562808498239,0.06412729026036644,0.5000051154746975,0.5998559388155158,0.4865289905894574,0.05797182468694097,
Time,0.1,uncalibrated,equal_width,6.0,2395,0.6516583767596175,0.11022964509394571,0.6000034812807795,0.6999677614238765,0.5414287316656717,0.06694432021466905,
Time,0.1,uncalibrated,equal_width,7.0,2612,0.749698369022228,0.18491577335375192,0.7000334358821928,0.7999763983386262,0.564782595668476,0.07300983899821109,
Time,0.1,uncalibrated,equal_width,8.0,2873,0.8501686537743467,0.3132613992342499,0.800075365396833,0.8999051822638802,0.5369072545400968,0.08030523255813954,
Time,0.1,uncalibrated,equal_width,9.0,2658,0.9467939705830699,0.582392776523702,0.9000078924912835,0.999893881845636,0.3644011940593679,0.07429561717352415,
Time,0.1,uncalibrated,equal_frequency,0.0,3578,0.0011975417956786847,0.0,0.0006300611282521346,0.0014747914657067547,0.0011975417956786847,0.10001118067978533,
Time,0.1,uncalibrated,equal_frequency,1.0,3578,0.0016429899118222608,0.0,0.0014748206477308164,0.001788656525296142,0.0016429899118222608,0.10001118067978533,
Time,0.1,uncalibrated,equal_frequency,2.0,3577,0.0019309071366207338,0.0,0.0017887790142319365,0.0020786331357672922,0.0019309071366207338,0.099983228980322,
Time,0.1,uncalibrated,equal_frequency,3.0,3578,0.002264657029085935,0.0,0.00207864675183623,0.0025032741433079994,0.002264657029085935,0.10001118067978533,
Time,0.1,uncalibrated,equal_frequency,4.0,3577,0.053597172293755706,0.0033547665641599105,0.002503609166163667,0.18711770641596692,0.0502424057295958,0.099983228980322,
Time,0.1,uncalibrated,equal_frequency,5.0,3578,0.305028628689741,0.0276690888764673,0.18720944182008248,0.4137985831640401,0.2773595398132737,0.10001118067978533,
Time,0.1,uncalibrated,equal_frequency,6.0,3577,0.5039089008624686,0.05703103159071848,0.41389811359710055,0.5907823737504169,0.44687786927175016,0.099983228980322,
Time,0.1,uncalibrated,equal_frequency,7.0,3578,0.6671615489035424,0.12241475684740079,0.590799029484246,0.7380069774320377,0.5447467920561416,0.10001118067978533,
Time,0.1,uncalibrated,equal_frequency,8.0,3577,0.804268626371737,0.25020967291026,0.7381079695967607,0.868345876706305,0.554058953461477,0.099983228980322,
Time,0.1,uncalibrated,equal_frequency,9.0,3578,0.9307194976399431,0.5254332029066517,0.8684321651291986,0.999893881845636,0.40528629473329136,0.10001118067978533,
Time,0.1,sigmoid,equal_width,0.0,26469,0.013150821819025266,0.01711436019494503,0.0016129163532076346,0.09997949085357634,0.003963538375919765,0.7398535330948122,
Time,0.1,sigmoid,equal_width,1.0,3254,0.14617278431181507,0.15089121081745543,0.10000404243175309,0.19994027370575093,0.004718426505640361,0.09095483005366727,
Time,0.1,sigmoid,equal_width,2.0,2294,0.2491317845787682,0.2781168265039233,0.20005101832052674,0.2999159813213262,0.02898504192515508,0.06412119856887298,
Time,0.1,sigmoid,equal_width,3.0,2008,0.34904801111189304,0.40089641434262946,0.30004655408502034,0.39998350289965384,0.05184840323073642,0.05612701252236136,
Time,0.1,sigmoid,equal_width,4.0,1621,0.44892595989068607,0.6378778531770513,0.40004940910108217,0.49992668232767823,0.1889518932863652,0.045309704830053664,
Time,0.1,sigmoid,equal_width,5.0,130,0.505284282561641,0.823076923076923,0.5000001681839015,0.5116343454716119,0.317792640515282,0.003633720930232558,
Time,0.1,sigmoid,equal_frequency,0.0,3578,0.001618849410072362,0.0,0.0016129163532076346,0.0016217542671763975,0.001618849410072362,0.10001118067978533,
Time,0.1,sigmoid,equal_frequency,1.0,3578,0.0016235200524772988,0.0,0.0016217545733242856,0.0016250503569528371,0.0016235200524772988,0.10001118067978533,
Time,0.1,sigmoid,equal_frequency,2.0,3577,0.001626546651383836,0.0,0.0016250516445890707,0.001628101523084454,0.001626546651383836,0.099983228980322,
Time,0.1,sigmoid,equal_frequency,3.0,3578,0.0016300623797750955,0.0,0.0016281016664884483,0.0016325799663075566,0.0016300623797750955,0.10001118067978533,
Time,0.1,sigmoid,equal_frequency,4.0,3577,0.0024965324372835927,0.0033547665641599105,0.0016325835044509191,0.0053794955101201195,0.0008582341268763179,0.099983228980322,
Time,0.1,sigmoid,equal_frequency,5.0,3578,0.012457765847223959,0.0276690888764673,0.0053826767709702576,0.022954759331790614,0.015211323029243341,0.10001118067978533,
Time,0.1,sigmoid,equal_frequency,6.0,3577,0.04238331555168555,0.05703103159071848,0.02296922746779467,0.06886497439156769,0.014647716039032928,0.099983228980322,
Time,0.1,sigmoid,equal_frequency,7.0,3578,0.11098967448596572,0.12241475684740079,0.06887189478347408,0.1610646774941321,0.011425082361435066,0.10001118067978533,
Time,0.1,sigmoid,equal_frequency,8.0,3577,0.23059298043373544,0.25020967291026,0.16115311743487556,0.30878449139957054,0.019616692476524533,0.099983228980322,
Time,0.1,sigmoid,equal_frequency,9.0,3578,0.40224008760386026,0.5254332029066517,0.3089038362166024,0.5116343454716119,0.12319311530279148,0.10001118067978533,
Time,0.1,isotonic,equal_width,0.0,27116,0.017166364598380578,0.019471898510104734,0.0,0.09947643979057591,0.0023055339117241565,0.757938282647585,
Time,0.1,isotonic,equal_width,1.0,4107,0.15618137589249861,0.19430241051862673,0.11625208671021518,0.19045502082427815,0.03812103462612812,0.11479762969588551,
Time,0.1,isotonic,equal_width,2.0,2328,0.26016474119890143,0.35609965635738833,0.2065573770491803,0.29585798816568054,0.0959349151584869,0.06507155635062611,
Time,0.1,isotonic,equal_width,3.0,832,0.3631738563745283,0.49759615384615385,0.3157894736842105,0.3834325907145086,0.13442229747162554,0.023255813953488372,
Time,0.1,isotonic,equal_width,4.0,489,0.4515458614015022,0.5930470347648262,0.4195641487519801,0.4988340270618632,0.14150117336332402,0.013668381037567083,
Time,0.1,isotonic,equal_width,5.0,668,0.5606105107044067,0.7035928143712575,0.5211267605633803,0.6,0.14298230366685083,0.018671735241502684,
Time,0.1,isotonic,equal_width,6.0,141,0.6493441920231272,0.8652482269503546,0.6231884057971014,0.6757730511290491,0.21590403492722743,0.003941189624329159,
Time,0.1,isotonic,equal_width,7.0,64,0.7436675685700382,0.78125,0.7084810229050882,0.7549120871470634,0.03758243142996176,0.0017889087656529517,
Time,0.1,isotonic,equal_width,8.0,14,0.8076923076923077,0.8571428571428571,0.8076923076923077,0.8076923076923077,0.049450549450549386,0.0003913237924865832,
Time,0.1,isotonic,equal_width,9.0,17,0.9032258064516129,0.8823529411764706,0.9032258064516129,0.9032258064516129,0.020872865275142316,0.0004751788908765653,
Time,0.1,isotonic,equal_frequency,0.0,18572,0.0014081936648698426,0.0013999569244023261,0.0,0.016494845360824743,8.23674046751652e-06,0.5191189624329159,
Time,0.1,isotonic,equal_frequency,1.0,4664,0.03527144394633544,0.038593481989708404,0.01737713395452011,0.04825737265415549,0.0033220380433729643,0.13036672629695886,
Time,0.1,isotonic,equal_frequency,2.0,1859,0.059295219584642095,0.06078536847767617,0.049126332285861475,0.06372549019607843,0.001490148893034074,0.051962209302325583,
Time,0.1,isotonic,equal_frequency,3.0,4366,0.11518186428981317,0.13124141090242786,0.06402099162460353,0.15429403202328967,0.01605954661261469,0.1220371198568873,
Time,0.1,isotonic,equal_frequency,4.0,3139,0.20333338256148956,0.2851226505256451,0.17203107658157601,0.26814516129032256,0.08178926796415556,0.08774038461538461,
Time,0.1,isotonic,equal_frequency,5.0,3176,0.4199673945983816,0.5481738035264484,0.2720217212157854,0.9032258064516129,0.12820640892806678,0.08877459749552773,
LOGO,0.1,uncalibrated,equal_width,0.0,5092,0.03756786784857734,0.006677140612725845,0.0023293483265853896,0.09956160291941168,0.030890727235851494,0.983011583011583,00000f0c210281c4
LOGO,0.1,uncalibrated,equal_width,1.0,86,0.12229310813670753,0.08139534883720931,0.10023235386626826,0.1691197066808869,0.040897759299498224,0.016602316602316602,00000f0c210281c4
LOGO,0.1,uncalibrated,equal_width,2.0,2,0.24546025361778936,0.5,0.23524351567503077,0.25567699156054796,0.25453974638221066,0.0003861003861003861,00000f0c210281c4
LOGO,0.1,uncalibrated,equal_frequency,0.0,518,0.013489869447703492,0.0,0.0023293483265853896,0.017321004306308816,0.013489869447703492,0.1,00000f0c210281c4
LOGO,0.1,uncalibrated,equal_frequency,1.0,518,0.019840645707690733,0.0019305019305019305,0.017322103784520336,0.02220694476192007,0.017910143777188803,0.1,00000f0c210281c4
LOGO,0.1,uncalibrated,equal_frequency,2.0,518,0.024468970317901805,0.0019305019305019305,0.022226464276031612,0.02663286108981958,0.022538468387399875,0.1,00000f0c210281c4
LOGO,0.1,uncalibrated,equal_frequency,3.0,518,0.028804047282510018,0.003861003861003861,0.026646399011303813,0.03094481776993953,0.024943043421506158,0.1,00000f0c210281c4
LOGO,0.1,uncalibrated,equal_frequency,4.0,518,0.03313079185546269,0.003861003861003861,0.030945933793076953,0.035325271485673014,0.029269787994458833,0.1,00000f0c210281c4
LOGO,0.1,uncalibrated,equal_frequency,5.0,518,0.03753885644447972,0.003861003861003861,0.035325799909461,0.03979218413426521,0.03367785258347586,0.1,00000f0c210281c4
LOGO,0.1,uncalibrated,equal_frequency,6.0,518,0.042388001199279754,0.003861003861003861,0.03979298601837636,0.045103107471077236,0.038526997338275894,0.1,00000f0c210281c4
LOGO,0.1,uncalibrated,equal_frequency,7.0,518,0.04820210139146052,0.005791505791505791,0.04510409949594172,0.051790224727434594,0.04241059559995473,0.1,00000f0c210281c4
LOGO,0.1,uncalibrated,equal_frequency,8.0,518,0.05746835306930188,0.017374517374517374,0.0517902691765273,0.06525980870242061,0.0400938356947845,0.1,00000f0c210281c4
LOGO,0.1,uncalibrated,equal_frequency,9.0,518,0.0852160677088199,0.03861003861003861,0.06526930421939166,0.25567699156054796,0.04660602909878129,0.1,00000f0c210281c4
LOGO,0.1,sigmoid,equal_width,0.0,5180,0.002346506560437023,0.008108108108108109,0.0017706496511667939,0.011208176286731606,0.0057616015476710854,1.0,00000f0c210281c4
LOGO,0.1,sigmoid,equal_frequency,0.0,518,0.0019215042813438266,0.0,0.0017706496511667939,0.0019756496898419382,0.0019215042813438266,0.1,00000f0c210281c4
LOGO,0.1,sigmoid,equal_frequency,1.0,518,0.0020124609212953527,0.0019305019305019305,0.0019756655613718077,0.0020474519326897545,8.195899079342216e-05,0.1,00000f0c210281c4
LOGO,0.1,sigmoid,equal_frequency,2.0,518,0.002081656500474344,0.0019305019305019305,0.0020477439461415808,0.002114739068806472,0.00015115456997241358,0.1,00000f0c210281c4
LOGO,0.1,sigmoid,equal_frequency,3.0,518,0.002148637351034724,0.003861003861003861,0.0021149482343595714,0.0021824150744846347,0.0017123665099691371,0.1,00000f0c210281c4
LOGO,0.1,sigmoid,equal_frequency,4.0,518,0.0022176446842286906,0.003861003861003861,0.002182432867223931,0.0022533791538719675,0.0016433591767751705,0.1,00000f0c210281c4
LOGO,0.1,sigmoid,equal_frequency,5.0,518,0.0022902240451310022,0.003861003861003861,0.002253387851825404,0.0023281150964295926,0.0015707798158728589,0.1,00000f0c210281c4
LOGO,0.1,sigmoid,equal_frequency,6.0,518,0.002372825047426216,0.003861003861003861,0.002328128732348257,0.0024201965068474645,0.001488178813577645,0.1,00000f0c210281c4
LOGO,0.1,sigmoid,equal_frequency,7.0,518,0.002475849424354596,0.005791505791505791,0.002420214041685111,0.002541322725421217,0.003315656367151195,0.1,00000f0c210281c4
LOGO,0.1,sigmoid,equal_frequency,8.0,518,0.002649979648731163,0.017374517374517374,0.002541323550313134,0.0028039642286105974,0.014724537725786212,0.1,00000f0c210281c4
LOGO,0.1,sigmoid,equal_frequency,9.0,518,0.003294283700350313,0.03861003861003861,0.0028041586150576348,0.011208176286731606,0.035315754909688295,0.1,00000f0c210281c4
LOGO,0.1,isotonic,equal_width,0.0,5180,7.706797548646697e-06,0.008108108108108109,0.0,0.014598540145985401,0.008100401310559462,1.0,00000f0c210281c4
LOGO,0.1,isotonic,equal_frequency,0.0,5180,7.706797548646697e-06,0.008108108108108109,0.0,0.014598540145985401,0.008100401310559462,1.0,00000f0c210281c4
LOGO,0.1,uncalibrated,equal_width,0.0,15748,8.548731251637869e-05,0.010668021336042673,1.7115670079568306e-08,0.045447610276431925,0.010582534023526293,0.9999365039050099,00000f0c210721f2
LOGO,0.1,uncalibrated,equal_width,1.0,1,0.11490883303540006,0.0,0.11490883303540006,0.11490883303540006,0.11490883303540006,6.34960949901581e-05,00000f0c210721f2
LOGO,0.1,uncalibrated,equal_frequency,0.0,1575,9.556264070636638e-07,0.0038095238095238095,1.7115670079568306e-08,1.5829395383015185e-06,0.0038085681831167457,0.10000634960949902,00000f0c210721f2
LOGO,0.1,uncalibrated,equal_frequency,1.0,1575,2.1867084186951917e-06,0.0031746031746031746,1.5833393750286354e-06,2.8434802504689387e-06,0.0031724164661844794,0.10000634960949902,00000f0c210721f2
LOGO,0.1,uncalibrated,equal_frequency,2.0,1575,3.591772542593479e-06,0.005714285714285714,2.8444351481013846e-06,4.423585223669742e-06,0.005710693941743121,0.10000634960949902,00000f0c210721f2
LOGO,0.1,uncalibrated,equal_frequency,3.0,1575,5.405163708758136e-06,0.0031746031746031746,4.424360812387379e-06,6.551832085673204e-06,0.0031691980108944163,0.10000634960949902,00000f0c210721f2
LOGO,0.1,uncalibrated,equal_frequency,4.0,1575,8.172561186638286e-06,0.012063492063492064,6.555413935683194e-06,1.0063998498931148e-05,0.012055319502305427,0.10000634960949902,00000f0c210721f2
LOGO,0.1,uncalibrated,equal_frequency,5.0,1574,1.2715654662193294e-05,0.011435832274459974,1.0064350953831862e-05,1.593110452582372e-05,0.011423116619797781,0.09994285351450886,00000f0c210721f2
LOGO,0.1,uncalibrated,equal_frequency,6.0,1575,2.0445118203550126e-05,0.008253968253968255,1.5931148925740345e-05,2.5744059852259223e-05,0.008233523135764705,0.10000634960949902,00000f0c210721f2
LOGO,0.1,uncalibrated,equal_frequency,7.0,1575,3.418961438454492e-05,0.012698412698412698,2.5754945218369037e-05,4.4358501266746676e-05,0.012664223084028153,0.10000634960949902,00000f0c210721f2
LOGO,0.1,uncalibrated,equal_frequency,8.0,1575,6.159392290025271e-05,0.015238095238095238,4.436812565283233e-05,8.781937070383581e-05,0.015176501315194985,0.10000634960949902,00000f0c210721f2
LOGO,0.1,uncalibrated,equal_frequency,9.0,1575,0.000778474490092373,0.03111111111111111,8.78208308210685e-05,0.11490883303540006,0.030332636621018736,0.10000634960949902,00000f0c210721f2
LOGO,0.1,sigmoid,equal_width,0.0,15749,0.0031908587642403567,0.010667343958346561,0.003188720857722475,0.006971352197860722,0.007476485194106205,1.0,00000f0c210721f2
LOGO,0.1,sigmoid,equal_frequency,0.0,1575,0.0031887412626336992,0.0038095238095238095,0.003188720857722475,0.003188754901603113,0.0006207825468901103,0.10000634960949902,00000f0c210721f2
LOGO,0.1,sigmoid,equal_frequency,1.0,1575,0.0031887680287516645,0.0031746031746031746,0.0031887549102963438,0.0031887823083316677,1.4164854148489888e-05,0.10000634960949902,00000f0c210721f2
LOGO,0.1,sigmoid,equal_frequency,2.0,1575,0.0031887985778601548,0.005714285714285714,0.0031887823290931818,0.0031888166633713038,0.0025254871364255595,0.10000634960949902,00000f0c210721f2
LOGO,0.1,sigmoid,equal_frequency,3.0,1575,0.0031888380053111034,0.0031746031746031746,0.003188816680234439,0.0031888629368328424,1.4234830707928782e-05,0.10000634960949902,00000f0c210721f2
LOGO,0.1,sigmoid,equal_frequency,4.0,1575,0.0031888981761022906,0.012063492063492064,0.0031888630147118716,0.003188939301664147,0.008874593887389773,0.10000634960949902,00000f0c210721f2
LOGO,0.1,sigmoid,equal_frequency,5.0,1574,0.003188996957882774,0.011435832274459974,0.0031889393093276455,0.0031890668738774105,0.0082468353165772,0.09994285351450886,00000f0c210721f2
LOGO,0.1,sigmoid,equal_frequency,6.0,1575,0.00318916502898749,0.008253968253968255,0.0031890668748428444,0.0031892802545681526,0.005064803224980765,0.10000634960949902,00000f0c210721f2
LOGO,0.1,sigmoid,equal_frequency,7.0,1575,0.003189463914976467,0.012698412698412698,0.003189280491276099,0.003189685060863524,0.009508948783436232,0.10000634960949902,00000f0c210721f2
LOGO,0.1,sigmoid,equal_frequency,8.0,1575,0.003190059934477234,0.015238095238095238,0.0031896852701772814,0.0031906303992083893,0.012048035303618004,0.10000634960949902,00000f0c210721f2
LOGO,0.1,sigmoid,equal_frequency,9.0,1575,0.0032068565733214165,0.03111111111111111,0.003190630430972794,0.006971352197860722,0.027904254537789695,0.10000634960949902,00000f0c210721f2
LOGO,0.1,isotonic,equal_width,0.0,15749,0.0,0.010667343958346561,0.0,0.0,0.010667343958346561,1.0,00000f0c210721f2
LOGO,0.1,uncalibrated,equal_width,0.0,505,0.03486164274315264,0.009900990099009901,2.8466620475880245e-06,0.09990366978140694,0.02496065264414274,0.07400351699882766,00000f0c22433141
LOGO,0.1,uncalibrated,equal_width,1.0,237,0.14661760599048154,0.04219409282700422,0.10005818368750918,0.19984780946143516,0.10442351316347732,0.034730363423212195,00000f0c22433141
LOGO,0.1,uncalibrated,equal_width,2.0,192,0.24884447448006328,0.06770833333333333,0.20105904066110275,0.2987449717836348,0.18113614114672993,0.02813599062133646,00000f0c22433141
LOGO,0.1,uncalibrated,equal_width,3.0,200,0.34371430399254366,0.05,0.30021336922188246,0.3981505779864317,0.29371430399254367,0.029308323563892145,00000f0c22433141
LOGO,0.1,uncalibrated,equal_width,4.0,187,0.4484618130463492,0.0855614973262032,0.4001589765870763,0.49918572249724336,0.36290031572014597,0.027403282532239157,00000f0c22433141
LOGO,0.1,uncalibrated,equal_width,5.0,219,0.5511784501043905,0.1187214611872146,0.5000952097474326,0.5999643396216425,0.4324569889171759,0.0320926143024619,00000f0c22433141
LOGO,0.1,uncalibrated,equal_width,6.0,274,0.6518773677667382,0.09124087591240876,0.60037621561419,0.6997595754320238,0.5606364918543294,0.04015240328253224,00000f0c22433141
LOGO,0.1,uncalibrated,equal_width,7.0,356,0.7542425065099033,0.12078651685393259,0.7007193301703531,0.7999612744647445,0.6334559896559707,0.05216881594372802,00000f0c22433141
LOGO,0.1,uncalibrated,equal_width,8.0,530,0.8541965246934615,0.17547169811320754,0.8000358208179253,0.8999584467520757,0.678724826580254,0.07766705744431418,00000f0c22433141
LOGO,0.1,uncalibrated,equal_width,9.0,4124,0.9818135508784007,0.4435014548981571,0.9001733764085627,0.9999999462561469,0.5383120959802437,0.604337631887456,00000f0c22433141
LOGO,0.1,uncalibrated,equal_frequency,0.0,683,0.060842121501964365,0.014641288433382138,2.8466620475880245e-06,0.16745261873062878,0.04620083306858223,0.10008792497069167,00000f0c22433141
LOGO,0.1,uncalibrated,equal_frequency,1.0,682,0.34260668816003964,0.07038123167155426,0.16750192316924659,0.5225316942526637,0.2722254564884854,0.09994138335287221,00000f0c22433141
LOGO,0.1,uncalibrated,equal_frequency,2.0,682,0.6577420321395487,0.10557184750733138,0.5230486876918793,0.770356012347687,0.5521701846322173,0.09994138335287221,00000f0c22433141
LOGO,0.1,uncalibrated,equal_frequency,3.0,683,0.8441802194881862,0.1683748169838946,0.7710444104625986,0.9050509883974928,0.6758054025042917,0.10008792497069167,00000f0c22433141
LOGO,0.1,uncalibrated,equal_frequency,4.0,682,0.9367282046741697,0.24633431085043989,0.905232607578453,0.9587756278271429,0.6903938938237298,0.09994138335287221,00000f0c22433141
LOGO,0.1,uncalibrated,equal_frequency,5.0,682,0.9731359477452185,0.31671554252199413,0.9588457475739188,0.9836539819492511,0.6564204052232243,0.09994138335287221,00000f0c22433141
LOGO,0.1,uncalibrated,equal_frequency,6.0,683,0.9896934118957497,0.37920937042459735,0.9836609717195914,0.9937975501841281,0.6104840414711523,0.10008792497069167,00000f0c22433141
LOGO,0.1,uncalibrated,equal_frequency,7.0,682,0.9960953347600904,0.4574780058651026,0.9937987574840104,0.9979047538853179,0.5386173288949878,0.09994138335287221,00000f0c22433141
LOGO,0.1,uncalibrated,equal_frequency,8.0,682,0.9988513343316744,0.5733137829912024,0.9979096155191155,0.9995310672192055,0.425537551340472,0.09994138335287221,00000f0c22433141
LOGO,0.1,uncalibrated,equal_frequency,9.0,683,0.9998290599940282,0.7013177159590044,0.9995328492364683,0.9999999462561469,0.2985113440350238,0.10008792497069167,00000f0c22433141
LOGO,0.1,sigmoid,equal_width,0.0,1543,0.019782245447792304,0.05184705119896306,0.0014948667245606017,0.09995919754313216,0.03206480575117075,0.2261137162954279,00000f0c22433141
LOGO,0.1,sigmoid,equal_width,1.0,309,0.14672958471358677,0.09061488673139159,0.10050227065778011,0.19980184918654736,0.05611469798219518,0.04528135990621336,00000f0c22433141
LOGO,0.1,sigmoid,equal_width,2.0,266,0.24977371188365047,0.11278195488721804,0.2000929382430398,0.29986220609545877,0.13699175699643243,0.03898007033997655,00000f0c22433141
LOGO,0.1,sigmoid,equal_width,3.0,284,0.35004680134207905,0.176056338028169,0.3000009502153001,0.39977587115806534,0.17399046331391005,0.041617819460726846,00000f0c22433141
LOGO,0.1,sigmoid,equal_width,4.0,347,0.45106434819967683,0.17579250720461095,0.4001468952929715,0.49985975021247697,0.27527184099506585,0.05084994138335287,00000f0c22433141
LOGO,0.1,sigmoid,equal_width,5.0,757,0.5590967348188712,0.2430647291941876,0.500260113991993,0.5999725835061108,0.31603200562468364,0.11093200468933177,00000f0c22433141
LOGO,0.1,sigmoid,equal_width,6.0,3318,0.6477734136492844,0.4933694996986136,0.6000712110156686,0.6602695798754883,0.15440391395067082,0.4862250879249707,00000f0c22433141
LOGO,0.1,sigmoid,equal_frequency,0.0,683,0.0024821777307669733,0.014641288433382138,0.0014948667245606017,0.004947965460836211,0.012159110702615165,0.10008792497069167,00000f0c22433141
LOGO,0.1,sigmoid,equal_frequency,1.0,682,0.021776804848392346,0.07038123167155426,0.004949705973633363,0.05961683541828686,0.04860442682316191,0.09994138335287221,00000f0c22433141
LOGO,0.1,sigmoid,equal_frequency,2.0,682,0.15444932734797248,0.10557184750733138,0.05982495381251697,0.27254238400579195,0.0488774798406411,0.09994138335287221,00000f0c22433141
LOGO,0.1,sigmoid,equal_frequency,3.0,683,0.3907704160700652,0.1683748169838946,0.2735218989328657,0.4959579643458503,0.2223955990861706,0.10008792497069167,00000f0c22433141
LOGO,0.1,sigmoid,equal_frequency,4.0,682,0.5523890981753364,0.24633431085043989,0.49628343985896023,0.5912099288735958,0.30605478732489655,0.09994138335287221,00000f0c22433141
LOGO,0.1,sigmoid,equal_frequency,5.0,682,0.615767098714664,0.31671554252199413,0.5913314089997523,0.6335126205377978,0.2990515561926698,0.09994138335287221,00000f0c22433141
LOGO,0.1,sigmoid,equal_frequency,6.0,683,0.6434911009341128,0.37920937042459735,0.6335242542161827,0.6502259236404616,0.2642817305095154,0.10008792497069167,00000f0c22433141
LOGO,0.1,sigmoid,equal_frequency,7.0,682,0.6539603567016993,0.4574780058651026,0.6502278920218499,0.6568923477644825,0.19648235083659665,0.09994138335287221,00000f0c22433141
LOGO,0.1,sigmoid,equal_frequency,8.0,682,0.6584197277865297,0.5733137829912024,0.6569002027833457,0.6595151951063362,0.08510594479532729,0.09994138335287221,00000f0c22433141
LOGO,0.1,sigmoid,equal_frequency,9.0,683,0.6599946989082013,0.7013177159590044,0.6595180637481245,0.6602695798754883,0.0413230170508031,0.10008792497069167,00000f0c22433141
LOGO,0.1,isotonic,equal_width,0.0,1510,0.02093636418286445,0.04966887417218543,0.0,0.08970099667774087,0.028732509989320976,0.2212778429073857,00000f0c22433141
LOGO,0.1,isotonic,equal_width,1.0,452,0.15708581551225995,0.10398230088495575,0.11501597444089456,0.19469026548672566,0.0531035146273042,0.06623681125439625,00000f0c22433141
LOGO,0.1,isotonic,equal_width,2.0,293,0.26081236636764726,0.13310580204778158,0.2492836676217765,0.2857142857142857,0.12770656431986568,0.04293669402110199,00000f0c22433141
LOGO,0.1,isotonic,equal_width,3.0,262,0.362199300883596,0.17557251908396945,0.336734693877551,0.37719298245614036,0.18662678179962652,0.03839390386869871,00000f0c22433141
LOGO,0.1,isotonic,equal_width,4.0,363,0.4438310699805636,0.20110192837465565,0.42592592592592593,0.4949321425177977,0.24272914160590794,0.05319460726846424,00000f0c22433141
LOGO,0.1,isotonic,equal_width,5.0,144,0.511022242829686,0.2013888888888889,0.5103448275862069,0.553167833765351,0.3096333539407971,0.021101992966002344,00000f0c22433141
LOGO,0.1,isotonic,equal_width,6.0,164,0.6301124545891147,0.2865853658536585,0.6299212598425197,0.6510511562103118,0.3435270887354562,0.02403282532239156,00000f0c22433141
LOGO,0.1,isotonic,equal_width,7.0,658,0.7123179984081812,0.2933130699088146,0.711864406779661,0.7747340102294586,0.4190049284993666,0.09642438452520516,00000f0c22433141
LOGO,0.1,isotonic,equal_width,8.0,501,0.8080722118174815,0.35129740518962077,0.8076923076923077,0.8947379619916827,0.4567748066278607,0.07341735052754983,00000f0c22433141
LOGO,0.1,isotonic,equal_width,9.0,2477,0.9998497862199599,0.542995559144126,0.9048685359787839,1.0,0.4568542270758339,0.3629835873388042,00000f0c22433141
LOGO,0.1,isotonic,equal_frequency,0.0,850,0.0012449195550329217,0.023529411764705882,0.0,0.004123711340206185,0.02228449220967296,0.12456037514654161,00000f0c22433141
LOGO,0.1,isotonic,equal_frequency,1.0,522,0.03542462476172798,0.07471264367816093,0.0070921985815602835,0.07905138339920949,0.039288018916432944,0.0764947245017585,00000f0c22433141
LOGO,0.1,isotonic,equal_frequency,2.0,686,0.15597389923025853,0.10495626822157435,0.0811965811965812,0.2492836676217765,0.051017631008684186,0.10052754982415006,00000f0c22433141
LOGO,0.1,isotonic,equal_frequency,3.0,819,0.37495021731520073,0.18192918192918192,0.25,0.44482173174872663,0.1930210353860188,0.12001758499413834,00000f0c22433141
LOGO,0.1,isotonic,equal_frequency,4.0,960,0.6670157333618927,0.27708333333333335,0.4564940028532185,0.711864406779661,0.38993240002855933,0.1406799531066823,00000f0c22433141
LOGO,0.1,isotonic,equal_frequency,5.0,505,0.8065755001345898,0.3485148514851485,0.7203115656072752,0.8076923076923077,0.4580606486494413,0.07400351699882766,00000f0c22433141
LOGO,0.1,isotonic,equal_frequency,6.0,2482,0.9995393690459365,0.5431103948428686,0.8115997565550425,1.0,0.45642897420306794,0.3637162954279015,00000f0c22433141
LOGO,0.1,uncalibrated,equal_width,0.0,2107,0.039124839081074836,0.07688656858092074,0.00024123566029643915,0.09999000704457678,0.03776172949984591,0.5160421258878276,00800000a0001793
LOGO,0.1,uncalibrated,equal_width,1.0,734,0.14398743276253947,0.20844686648501362,0.1000113413898601,0.19995531369691344,0.06445943372247415,0.17976977712466324,00800000a0001793
LOGO,0.1,uncalibrated,equal_width,2.0,348,0.24845715241004365,0.3017241379310345,0.20012793864402662,0.29954118506584443,0.05326698552099082,0.0852314474650992,00800000a0001793
LOGO,0.1,uncalibrated,equal_width,3.0,251,0.34747457692250305,0.398406374501992,0.30064244138986806,0.3994887795734271,0.05093179757948896,0.061474406073965225,00800000a0001793
LOGO,0.1,uncalibrated,equal_width,4.0,181,0.44905063984598204,0.49171270718232046,0.4003513648102495,0.499964286973388,0.04266206733633843,0.044330149399951016,00800000a0001793
LOGO,0.1,uncalibrated,equal_width,5.0,142,0.5492662567958811,0.5211267605633803,0.5009533314232003,0.5992758468321996,0.028139496232500893,0.034778349253000246,00800000a0001793
LOGO,0.1,uncalibrated,equal_width,6.0,96,0.6480311763001311,0.5104166666666666,0.6023712029919255,0.6970931399542529,0.13761450963346444,0.02351212343864805,00800000a0001793
LOGO,0.1,uncalibrated,equal_width,7.0,55,0.7504732988818723,0.7454545454545455,0.7012851128970395,0.7992229850264717,0.0050187534273268275,0.013470487386725447,00800000a0001793
LOGO,0.1,uncalibrated,equal_width,8.0,70,0.8606647492340151,0.7571428571428571,0.8017714518804787,0.8995743581797553,0.10352189209115803,0.017144256674014206,00800000a0001793
LOGO,0.1,uncalibrated,equal_width,9.0,99,0.9424977625375117,0.696969696969697,0.900185596508493,0.9996455044718492,0.2455280655678147,0.024246877296105803,00800000a0001793
LOGO,0.1,uncalibrated,equal_frequency,0.0,409,0.006384534257738932,0.022004889975550123,0.00024123566029643915,0.01150951885200479,0.015620355717811191,0.10017144256674014,00800000a0001793
LOGO,0.1,uncalibrated,equal_frequency,1.0,408,0.017819421513225873,0.04411764705882353,0.011524632191043157,0.02400499024366237,0.02629822554559766,0.09992652461425422,00800000a0001793
LOGO,0.1,uncalibrated,equal_frequency,2.0,408,0.03251858572991722,0.07598039215686274,0.024019157836945953,0.042075172050717674,0.04346180642694552,0.09992652461425422,00800000a0001793
LOGO,0.1,uncalibrated,equal_frequency,3.0,408,0.05185888789604954,0.10294117647058823,0.042109739895757864,0.0627734741816879,0.05108228857453869,0.09992652461425422,00800000a0001793
LOGO,0.1,uncalibrated,equal_frequency,4.0,409,0.07779018666762046,0.1295843520782396,0.06279772236485144,0.09363571104274682,0.05179416541061914,0.10017144256674014,00800000a0001793
LOGO,0.1,uncalibrated,equal_frequency,5.0,408,0.11507123271954203,0.19852941176470587,0.09363763746320185,0.13912663628138183,0.08345817904516384,0.09992652461425422,00800000a0001793
LOGO,0.1,uncalibrated,equal_frequency,6.0,408,0.16784657321571736,0.2107843137254902,0.13925575925250572,0.2036910927667454,0.04293774050977284,0.09992652461425422,00800000a0001793
LOGO,0.1,uncalibrated,equal_frequency,7.0,408,0.26305799356598375,0.3088235294117647,0.20387024527035735,0.3287223391177072,0.04576553584578097,0.09992652461425422,00800000a0001793
LOGO,0.1,uncalibrated,equal_frequency,8.0,408,0.4205920917282032,0.45588235294117646,0.32882432720934734,0.5374215607664597,0.03529026121297324,0.09992652461425422,00800000a0001793
LOGO,0.1,uncalibrated,equal_frequency,9.0,409,0.7521597440560966,0.6430317848410758,0.537999277985982,0.9996455044718492,0.10912795921502083,0.10017144256674014,00800000a0001793
LOGO,0.1,sigmoid,equal_width,0.0,3747,0.008308233769785343,0.17961035495062716,0.0014318920746637725,0.09996903399825625,0.17130212118084182,0.9177075679647319,00800000a0001793
LOGO,0.1,sigmoid,equal_width,1.0,113,0.14041983868896307,0.5309734513274337,0.10004697685003701,0.19944458204923632,0.3905536126384706,0.027675728630908645,00800000a0001793
LOGO,0.1,sigmoid,equal_width,2.0,42,0.25056596365859457,0.7142857142857143,0.20520567665869288,0.2967022505205788,0.46371975062711973,0.010286554004408524,00800000a0001793
LOGO,0.1,sigmoid,equal_width,3.0,26,0.3448043831505681,0.7692307692307693,0.3036276802257211,0.38892243237034235,0.42442638608020117,0.006367866764633847,00800000a0001793
LOGO,0.1,sigmoid,equal_width,4.0,44,0.45561494910046946,0.75,0.40356239064128674,0.49742692808727107,0.29438505089953054,0.010776389909380358,00800000a0001793
LOGO,0.1,sigmoid,equal_width,5.0,68,0.5549113998204447,0.7647058823529411,0.5041911652113916,0.5983173403613922,0.20979448253249644,0.01665442076904237,00800000a0001793
LOGO,0.1,sigmoid,equal_width,6.0,43,0.6333525931034815,0.627906976744186,0.6009492122396188,0.6910981058555357,0.005445616359295413,0.010531471956894441,00800000a0001793
LOGO,0.1,sigmoid,equal_frequency,0.0,409,0.0014983742725802108,0.022004889975550123,0.0014318920746637725,0.0015554631156295547,0.02050651570296991,0.10017144256674014,00800000a0001793
LOGO,0.1,sigmoid,equal_frequency,1.0,408,0.0016298453403175812,0.04411764705882353,0.0015556358055282746,0.001704978208947743,0.04248780171850595,0.09992652461425422,00800000a0001793
LOGO,0.1,sigmoid,equal_frequency,2.0,408,0.0018162564505228337,0.07598039215686274,0.0017051556259159563,0.0019469258896793724,0.07416413570633991,0.09992652461425422,00800000a0001793
LOGO,0.1,sigmoid,equal_frequency,3.0,408,0.00209395418812116,0.10294117647058823,0.0019474201197335775,0.0022664351832667766,0.10084722228246706,0.09992652461425422,00800000a0001793
LOGO,0.1,sigmoid,equal_frequency,4.0,409,0.0025358840522975335,0.1295843520782396,0.0022668386190636846,0.00284249758799218,0.12704846802594205,0.10017144256674014,00800000a0001793
LOGO,0.1,sigmoid,equal_frequency,5.0,408,0.003341489818690264,0.19852941176470587,0.002842537759375325,0.00396786868147548,0.1951879219460156,0.09992652461425422,00800000a0001793
LOGO,0.1,sigmoid,equal_frequency,6.0,408,0.004939712704717872,0.2107843137254902,0.003971624785282938,0.006365024186003441,0.20584460102077232,0.09992652461425422,00800000a0001793
LOGO,0.1,sigmoid,equal_frequency,7.0,408,0.010165110898339158,0.3088235294117647,0.006373365436777561,0.015817394698301644,0.29865841851342556,0.09992652461425422,00800000a0001793
LOGO,0.1,sigmoid,equal_frequency,8.0,408,0.03345526727034495,0.45588235294117646,0.015829079374048562,0.06944100008001984,0.42242708567083154,0.09992652461425422,00800000a0001793
LOGO,0.1,sigmoid,equal_frequency,9.0,409,0.3090857534909777,0.6430317848410758,0.06971614962267195,0.6910981058555357,0.3339460313500981,0.10017144256674014,00800000a0001793
LOGO,0.1,isotonic,equal_width,0.0,3763,0.008103857570785026,0.1815041190539463,0.0,0.09606986899563319,0.1734002614831613,0.9216262552045065,00800000a0001793
LOGO,0.1,isotonic,equal_width,1.0,112,0.16678197033963574,0.5446428571428571,0.10714285714285714,0.19854721549636803,0.3778608868032214,0.027430810678422728,00800000a0001793
LOGO,0.1,isotonic,equal_width,2.0,41,0.2559889732463448,0.7317073170731707,0.22151898734177214,0.282611374609676,0.47571834382682593,0.010041636051922606,00800000a0001793
LOGO,0.1,isotonic,equal_width,3.0,28,0.3630963119193321,0.7142857142857143,0.32075471698113206,0.3902439024390244,0.3511894023663822,0.006857702669605682,00800000a0001793
LOGO,0.1,isotonic,equal_width,4.0,61,0.45889408535390797,0.7377049180327869,0.41530054644808745,0.4827586206896552,0.27881083267887896,0.01493999510164095,00800000a0001793
LOGO,0.1,isotonic,equal_width,5.0,14,0.5508474576271187,0.7857142857142857,0.5508474576271187,0.5508474576271187,0.23486682808716697,0.003428851334802841,00800000a0001793
LOGO,0.1,isotonic,equal_width,7.0,61,0.7372297252082181,0.7377049180327869,0.7180451127819549,0.7804878048780488,0.0004751928245688708,0.01493999510164095,00800000a0001793
LOGO,0.1,isotonic,equal_width,9.0,3,1.0,0.0,1.0,1.0,1.0,0.0007347538574577516,00800000a0001793
LOGO,0.1,isotonic,equal_frequency,0.0,2966,0.0006699358838124774,0.1169925826028321,0.0,0.005188067444876783,0.11632264671901962,0.7264266470732305,00800000a0001793
LOGO,0.1,isotonic,equal_frequency,1.0,538,0.01855760717763937,0.3903345724907063,0.006802721088435374,0.026657060518731988,0.3717769653130669,0.13176585843742347,00800000a0001793
LOGO,0.1,isotonic,equal_frequency,2.0,231,0.06854474984427937,0.47186147186147187,0.03816793893129771,0.08677098150782361,0.4033167220171925,0.05657604702424688,00800000a0001793
LOGO,0.1,isotonic,equal_frequency,3.0,348,0.3612275818903095,0.6580459770114943,0.09606986899563319,1.0,0.29681839512118474,0.0852314474650992,00800000a0001793
LOGO,0.1,uncalibrated,equal_width,0.0,329,0.052239503730485574,0.00911854103343465,0.0015141977785965931,0.0999854238787816,0.04312096269705092,0.09794581720750223,00800000a0001794
LOGO,0.1,uncalibrated,equal_width,1.0,323,0.1497605419611356,0.04024767801857585,0.10013332617268139,0.19986972875588582,0.10951286394255977,0.09615957130098243,00800000a0001794
LOGO,0.1,uncalibrated,equal_width,2.0,280,0.25145810508079486,0.05,0.20063984699302448,0.2998834376004983,0.20145810508079487,0.08335814230425721,00800000a0001794
LOGO,0.1,uncalibrated,equal_width,3.0,262,0.3493956547829477,0.12213740458015267,0.30017556453821836,0.399411397013722,0.22725825020279505,0.07799940458469783,00800000a0001794
LOGO,0.1,uncalibrated,equal_width,4.0,255,0.44940643707601324,0.09803921568627451,0.400558899162702,0.4999321086681042,0.35136722138973875,0.0759154510270914,00800000a0001794
LOGO,0.1,uncalibrated,equal_width,5.0,246,0.552554670027496,0.13414634146341464,0.5010728393118601,0.5997173661924663,0.4184083285640814,0.0732360821673117,00800000a0001794
LOGO,0.1,uncalibrated,equal_width,6.0,273,0.6538786989664667,0.1978021978021978,0.6004696832035169,0.6999391089036832,0.4560765011642689,0.0812741887466508,00800000a0001794
LOGO,0.1,uncalibrated,equal_width,7.0,314,0.750305636172422,0.267515923566879,0.7007096983782821,0.7995976019871566,0.482789712605543,0.09348020244120274,00800000a0001794
LOGO,0.1,uncalibrated,equal_width,8.0,391,0.8517729738087655,0.34271099744245526,0.8000093151198642,0.8999760473323188,0.5090619763663102,0.11640369157487347,00800000a0001794
LOGO,0.1,uncalibrated,equal_width,9.0,686,0.9560616250859454,0.60932944606414,0.9000000725209546,0.999841739300639,0.3467321790218054,0.2042274486454302,00800000a0001794
LOGO,0.1,uncalibrated,equal_frequency,0.0,336,0.05326615894348129,0.008928571428571428,0.0015141977785965931,0.10274397707743807,0.04433758751490986,0.10002977076510866,00800000a0001794
LOGO,0.1,uncalibrated,equal_frequency,1.0,336,0.15402644599106297,0.044642857142857144,0.10300940966718662,0.20882521023492143,0.10938358884820581,0.10002977076510866,00800000a0001794
LOGO,0.1,uncalibrated,equal_frequency,2.0,336,0.2687593178403218,0.05654761904761905,0.20939204593077101,0.3275518745309134,0.21221169879270277,0.10002977076510866,00800000a0001794
LOGO,0.1,uncalibrated,equal_frequency,3.0,336,0.3925333148526659,0.125,0.32802188162888074,0.459488627962215,0.2675333148526659,0.10002977076510866,00800000a0001794
LOGO,0.1,uncalibrated,equal_frequency,4.0,336,0.5274104805012004,0.11904761904761904,0.45970380964938723,0.5968471596848207,0.40836286145358136,0.10002977076510866,00800000a0001794
LOGO,0.1,uncalibrated,equal_frequency,5.0,335,0.6588537715922729,0.191044776119403,0.5969995940702153,0.7149950932201957,0.4678089954728699,0.09973206311402202,00800000a0001794
LOGO,0.1,uncalibrated,equal_frequency,6.0,336,0.768458341866887,0.2767857142857143,0.7152850045874992,0.818078436174697,0.4916726275811727,0.10002977076510866,00800000a0001794
LOGO,0.1,uncalibrated,equal_frequency,7.0,336,0.862573618780693,0.3630952380952381,0.8181839132409519,0.9018134905624838,0.49947838068545497,0.10002977076510866,00800000a0001794
LOGO,0.1,uncalibrated,equal_frequency,8.0,336,0.9325948049042255,0.5327380952380952,0.9018940760253139,0.9608862404816555,0.3998567096661303,0.10002977076510866,00800000a0001794
LOGO,0.1,uncalibrated,equal_frequency,9.0,336,0.9818263904219593,0.6934523809523809,0.9611180646096822,0.999841739300639,0.28837400946957836,0.10002977076510866,00800000a0001794
LOGO,0.1,sigmoid,equal_width,0.0,1662,0.02140791681186199,0.0703971119133574,0.0014666305253204263,0.09994471699029034,0.04898919510149541,0.49479011610598395,00800000a0001794
LOGO,0.1,sigmoid,equal_width,1.0,307,0.147104608028225,0.18566775244299674,0.10027006598247971,0.19976631368892267,0.03856314441477174,0.0913962488835963,00800000a0001794
LOGO,0.1,sigmoid,equal_width,2.0,227,0.24589798904129478,0.2511013215859031,0.2000283130185558,0.2999749570245277,0.005203332544608308,0.06757963679666568,00800000a0001794
LOGO,0.1,sigmoid,equal_width,3.0,215,0.34954806676165195,0.2930232558139535,0.30005167325020304,0.39861281398666676,0.056524810947698456,0.06400714498362609,00800000a0001794
LOGO,0.1,sigmoid,equal_width,4.0,211,0.4515164851154589,0.36018957345971564,0.4001162960077992,0.49961857330416415,0.09132691165574325,0.06281631437927955,00800000a0001794
LOGO,0.1,sigmoid,equal_width,5.0,302,0.5518138797197452,0.4768211920529801,0.5000650394854733,0.5995043440125444,0.07499268766676503,0.08990771062816315,00800000a0001794
LOGO,0.1,sigmoid,equal_width,6.0,435,0.6518333803458272,0.6804597701149425,0.6000668410243876,0.6919726702230097,0.028626389769115357,0.12950282822268533,00800000a0001794
LOGO,0.1,sigmoid,equal_frequency,0.0,336,0.0021885299440860258,0.008928571428571428,0.0014666305253204263,0.003079846032974896,0.006740041484485402,0.10002977076510866,00800000a0001794
LOGO,0.1,sigmoid,equal_frequency,1.0,336,0.004596271006368476,0.044642857142857144,0.003085837787185868,0.006688674302777228,0.04004658613648867,0.10002977076510866,00800000a0001794
LOGO,0.1,sigmoid,equal_frequency,2.0,336,0.010677803987555695,0.05654761904761905,0.006716392465944267,0.015850362309183387,0.04586981506006335,0.10002977076510866,00800000a0001794
LOGO,0.1,sigmoid,equal_frequency,3.0,336,0.026210719516174343,0.125,0.01590430347736018,0.04071798760965308,0.09878928048382565,0.10002977076510866,00800000a0001794
LOGO,0.1,sigmoid,equal_frequency,4.0,336,0.0677024365154275,0.11904761904761904,0.040779766876249256,0.10427311885517898,0.051345182532191544,0.10002977076510866,00800000a0001794
LOGO,0.1,sigmoid,equal_frequency,5.0,335,0.15778371300364957,0.191044776119403,0.1043777384154264,0.21706890417319685,0.033261063115753414,0.09973206311402202,00800000a0001794
LOGO,0.1,sigmoid,equal_frequency,6.0,336,0.2931780682019176,0.2767857142857143,0.21743101167394158,0.3715234771083898,0.016392353916203306,0.10002977076510866,00800000a0001794
LOGO,0.1,sigmoid,equal_frequency,7.0,336,0.45088659232624895,0.3630952380952381,0.37170438858877375,0.5223211993430067,0.08779135423101087,0.10002977076510866,00800000a0001794
LOGO,0.1,sigmoid,equal_frequency,8.0,336,0.5779188891194242,0.5327380952380952,0.5224688767748229,0.6279030386081452,0.04518079388132901,0.10002977076510866,00800000a0001794
LOGO,0.1,sigmoid,equal_frequency,9.0,336,0.6628326444454338,0.6934523809523809,0.6283007813122337,0.6919726702230097,0.03061973650694716,0.10002977076510866,00800000a0001794
LOGO,0.1,isotonic,equal_width,0.0,1611,0.021195961227110132,0.06641837368094351,0.0,0.08383233532934131,0.04522241245383338,0.47960702590056564,00800000a0001794
LOGO,0.1,isotonic,equal_width,1.0,294,0.1409972171038568,0.18027210884353742,0.10047846889952153,0.17732558139534885,0.03927489173968063,0.08752604941947008,00800000a0001794
LOGO,0.1,isotonic,equal_width,2.0,353,0.2243043033303694,0.26345609065155806,0.20154043645699615,0.2895835345981408,0.03915178732118865,0.10509080083358142,00800000a0001794
LOGO,0.1,isotonic,equal_width,3.0,228,0.3545786092614212,0.31140350877192985,0.30903790087463556,0.3953488372093023,0.04317510048949136,0.06787734444775231,00800000a0001794
LOGO,0.1,isotonic,equal_width,4.0,295,0.4601209198503844,0.3898305084745763,0.43478260869565216,0.49660423301455403,0.0702904113758081,0.08782375707055672,00800000a0001794
LOGO,0.1,isotonic,equal_width,5.0,25,0.5353694581280789,0.44,0.5172413793103449,0.6,0.0953694581280789,0.007442691277165823,00800000a0001794
LOGO,0.1,isotonic,equal_width,6.0,74,0.651986764662821,0.527027027027027,0.6338028169014084,0.6923076923076923,0.12495973763579404,0.022030366180410838,00800000a0001794
LOGO,0.1,isotonic,equal_width,7.0,332,0.7452932954507996,0.6265060240963856,0.7030820671547077,0.8,0.11878727135441403,0.09883894016076213,00800000a0001794
LOGO,0.1,isotonic,equal_width,9.0,147,0.999431675282591,0.7687074829931972,0.9164562665408837,1.0,0.23072419228939378,0.04376302470973504,00800000a0001794
LOGO,0.1,isotonic,equal_frequency,0.0,809,0.0016387395526137982,0.032138442521631644,0.0,0.004576659038901602,0.030499702969017845,0.24084548972908604,00800000a0001794
LOGO,0.1,isotonic,equal_frequency,1.0,234,0.01752322018488849,0.0641025641025641,0.011728834410757474,0.021897810218978103,0.04657934391767561,0.06966359035427211,00800000a0001794
LOGO,0.1,isotonic,equal_frequency,2.0,306,0.029107691367219257,0.12745098039215685,0.024844720496894408,0.047619047619047616,0.0983432890249376,0.09109854123250967,00800000a0001794
LOGO,0.1,isotonic,equal_frequency,3.0,349,0.0818200371101296,0.11461318051575932,0.05309734513274336,0.10047846889952153,0.03279314340562972,0.10389997022923489,00800000a0001794
LOGO,0.1,isotonic,equal_frequency,4.0,398,0.17890899094864773,0.20854271356783918,0.13208687336343483,0.20154043645699615,0.02963372261919145,0.1184876451324799,00800000a0001794
LOGO,0.1,isotonic,equal_frequency,5.0,269,0.2741719371967291,0.2862453531598513,0.2224308852993358,0.30903790087463556,0.01207341596312217,0.08008335814230426,00800000a0001794
LOGO,0.1,isotonic,equal_frequency,6.0,376,0.4356283562855161,0.3776595744680851,0.335007052901759,0.483695652173913,0.05796878181743098,0.11193807680857398,00800000a0001794
LOGO,0.1,isotonic,equal_frequency,7.0,302,0.6564905362132086,0.5364238410596026,0.4927536231884058,0.7307692307692307,0.12006669515360602,0.08990771062816315,00800000a0001794
LOGO,0.1,isotonic,equal_frequency,8.0,316,0.8779785517993527,0.7151898734177216,0.7330745323214215,1.0,0.16278867838163114,0.094075617743376,00800000a0001794
LOGO,0.1,uncalibrated,equal_width,0.0,40,0.05089151582185399,0.025,1.5814875281158094e-07,0.09741982370470514,0.02589151582185399,0.12121212121212122,00800000a0001914
LOGO,0.1,uncalibrated,equal_width,1.0,25,0.1538340594689404,0.0,0.10230126375716285,0.19565539908884488,0.1538340594689404,0.07575757575757576,00800000a0001914
LOGO,0.1,uncalibrated,equal_width,2.0,39,0.24129552311795513,0.07692307692307693,0.2023079440219854,0.27905258259031124,0.1643724461948782,0.11818181818181818,00800000a0001914
LOGO,0.1,uncalibrated,equal_width,3.0,44,0.34494542232744213,0.11363636363636363,0.30041099440147556,0.3998872047009547,0.23130905869107848,0.13333333333333333,00800000a0001914
LOGO,0.1,uncalibrated,equal_width,4.0,27,0.441326330106497,0.14814814814814814,0.4007999199889096,0.4986970220133022,0.2931781819583489,0.08181818181818182,00800000a0001914
LOGO,0.1,uncalibrated,equal_width,5.0,18,0.5643129790973798,0.2222222222222222,0.5227011392024483,0.5993949221374965,0.34209075687515755,0.05454545454545454,00800000a0001914
LOGO,0.1,uncalibrated,equal_width,6.0,28,0.6465119954715753,0.10714285714285714,0.6012994363595783,0.6976748196934117,0.5393691383287182,0.08484848484848485,00800000a0001914
LOGO,0.1,uncalibrated,equal_width,7.0,28,0.7500604871266283,0.2857142857142857,0.7041831718506081,0.797958159699606,0.4643462014123426,0.08484848484848485,00800000a0001914
LOGO,0.1,uncalibrated,equal_width,8.0,33,0.8523790977213377,0.36363636363636365,0.8009961659810434,0.8970968750409785,0.48874273408497404,0.1,00800000a0001914
LOGO,0.1,uncalibrated,equal_width,9.0,48,0.957058565822085,0.5625,0.9015518733508452,0.9999441179734283,0.39455856582208504,0.14545454545454545,00800000a0001914
LOGO,0.1,uncalibrated,equal_frequency,0.0,33,0.04207016415548752,0.030303030303030304,1.5814875281158094e-07,0.08533024967597268,0.011767133852457215,0.1,00800000a0001914
LOGO,0.1,uncalibrated,equal_frequency,1.0,33,0.14228801959056264,0.0,0.08637437582326073,0.2023079440219854,0.14228801959056264,0.1,00800000a0001914
LOGO,0.1,uncalibrated,equal_frequency,2.0,33,0.23748701920037954,0.06060606060606061,0.2026075438458791,0.268612647476318,0.17688095859431893,0.1,00800000a0001914
LOGO,0.1,uncalibrated,equal_frequency,3.0,33,0.31821535045201216,0.12121212121212122,0.2698910597083291,0.35479729184278747,0.19700322923989094,0.1,00800000a0001914
LOGO,0.1,uncalibrated,equal_frequency,4.0,33,0.40110931120339577,0.15151515151515152,0.3577035525571818,0.44581264672272475,0.24959415968824425,0.1,00800000a0001914
LOGO,0.1,uncalibrated,equal_frequency,5.0,33,0.5431450704046676,0.15151515151515152,0.44753181967756295,0.6111094522898517,0.39162991888951615,0.1,00800000a0001914
LOGO,0.1,uncalibrated,equal_frequency,6.0,33,0.674233809388253,0.21212121212121213,0.6141632854437697,0.7300219629742184,0.4621125972670408,0.1,00800000a0001914
LOGO,0.1,uncalibrated,equal_frequency,7.0,33,0.7927147932019402,0.24242424242424243,0.7303091300741211,0.8536475131655434,0.5502905507776977,0.1,00800000a0001914
LOGO,0.1,uncalibrated,equal_frequency,8.0,33,0.896264490624537,0.45454545454545453,0.8585555794165958,0.9338758890530826,0.4417190360790824,0.1,00800000a0001914
LOGO,0.1,uncalibrated,equal_frequency,9.0,33,0.9741214123014176,0.6060606060606061,0.9436977887278781,0.9999441179734283,0.3680608062408115,0.1,00800000a0001914
LOGO,0.1,sigmoid,equal_width,0.0,186,0.018348102288211217,0.07526881720430108,0.0015409668072539004,0.09893049302531917,0.05692071491608986,0.5636363636363636,00800000a0001914
LOGO,0.1,sigmoid,equal_width,1.0,32,0.14106606948327097,0.1875,0.1006556526527439,0.190250500620961,0.04643393051672903,0.09696969696969697,00800000a0001914
LOGO,0.1,sigmoid,equal_width,2.0,21,0.2492369658290441,0.3333333333333333,0.20024820472408703,0.29813116783974364,0.08409636750428923,0.06363636363636363,00800000a0001914
LOGO,0.1,sigmoid,equal_width,3.0,18,0.3539496079921181,0.16666666666666666,0.3057594784411703,0.39277982204392986,0.18728294132545145,0.05454545454545454,00800000a0001914
LOGO,0.1,sigmoid,equal_width,4.0,16,0.45928702191135723,0.4375,0.4053909808676342,0.4992742146933819,0.02178702191135723,0.048484848484848485,00800000a0001914
LOGO,0.1,sigmoid,equal_width,5.0,23,0.5536816184945588,0.43478260869565216,0.5026102909366686,0.5976933955739179,0.11889900979890661,0.0696969696969697,00800000a0001914
LOGO,0.1,sigmoid,equal_width,6.0,28,0.6613572293453256,0.5714285714285714,0.604234657897109,0.6969199595145701,0.0899286579167542,0.08484848484848485,00800000a0001914
LOGO,0.1,sigmoid,equal_width,7.0,6,0.7108837758033371,0.6666666666666666,0.7014227224189702,0.7132199427873592,0.04421710913667043,0.01818181818181818,00800000a0001914
LOGO,0.1,sigmoid,equal_frequency,0.0,33,0.0021430432324081533,0.030303030303030304,0.0015409668072539004,0.0028899684876293884,0.02815998707062215,0.1,00800000a0001914
LOGO,0.1,sigmoid,equal_frequency,1.0,33,0.004556167631430972,0.0,0.002912274534621911,0.006829158842896967,0.004556167631430972,0.1,00800000a0001914
LOGO,0.1,sigmoid,equal_frequency,2.0,33,0.008918376424351181,0.06060606060606061,0.006844182454307836,0.011095900563627449,0.05168768418170942,0.1,00800000a0001914
LOGO,0.1,sigmoid,equal_frequency,3.0,33,0.01612913878421449,0.12121212121212122,0.011199979145249528,0.020764590071553766,0.10508298242790673,0.1,00800000a0001914
LOGO,0.1,sigmoid,equal_frequency,4.0,33,0.029469652153045752,0.15151515151515152,0.02120553683429502,0.03987369413027281,0.12204549936210576,0.1,00800000a0001914
LOGO,0.1,sigmoid,equal_frequency,5.0,33,0.08304031958965331,0.15151515151515152,0.040362617476799874,0.12340396961884756,0.0684748319254982,0.1,00800000a0001914
LOGO,0.1,sigmoid,equal_frequency,6.0,33,0.18657287686003737,0.21212121212121213,0.12586449272771194,0.25305599118551086,0.025548335261174754,0.1,00800000a0001914
LOGO,0.1,sigmoid,equal_frequency,7.0,33,0.3519362635106538,0.24242424242424243,0.25345707425323727,0.45775873888496,0.10951202108641139,0.1,00800000a0001914
LOGO,0.1,sigmoid,equal_frequency,8.0,33,0.53600491057765,0.45454545454545453,0.466768745388702,0.604234657897109,0.08145945603219545,0.1,00800000a0001914
LOGO,0.1,sigmoid,equal_frequency,9.0,33,0.6720930429876373,0.6060606060606061,0.6214432861630541,0.7132199427873592,0.0660324369270312,0.1,00800000a0001914
LOGO,0.1,isotonic,equal_width,0.0,187,0.019518457375214855,0.0748663101604278,0.0,0.09782608695652174,0.055347852785212946,0.5666666666666667,00800000a0001914
LOGO,0.1,isotonic,equal_width,1.0,33,0.16006562090999674,0.18181818181818182,0.1111111111111111,0.1897810218978102,0.021752560908185087,0.1,00800000a0001914
LOGO,0.1,isotonic,equal_width,2.0,23,0.23886813715606986,0.30434782608695654,0.2098360655737705,0.25824175824175827,0.06547968893088668,0.0696969696969697,00800000a0001914
LOGO,0.1,isotonic,equal_width,3.0,17,0.35251787126937384,0.23529411764705882,0.3150684931506849,0.3793103448275862,0.11722375362231502,0.051515151515151514,00800000a0001914
LOGO,0.1,isotonic,equal_width,4.0,26,0.4574714041555302,0.46153846153846156,0.4044943820224719,0.5,0.004067057382931338,0.07878787878787878,00800000a0001914
LOGO,0.1,isotonic,equal_width,5.0,3,0.6,0.3333333333333333,0.6,0.6,0.26666666666666666,0.00909090909090909,00800000a0001914
LOGO,0.1,isotonic,equal_width,6.0,7,0.6612244897959184,0.42857142857142855,0.6428571428571429,0.675,0.23265306122448987,0.021212121212121213,00800000a0001914
LOGO,0.1,isotonic,equal_width,7.0,22,0.7575094696969696,0.5454545454545454,0.72,0.796875,0.21205492424242423,0.06666666666666667,00800000a0001914
LOGO,0.1,isotonic,equal_width,9.0,12,1.0,0.6666666666666666,1.0,1.0,0.33333333333333337,0.03636363636363636,00800000a0001914
LOGO,0.1,isotonic,equal_frequency,0.0,94,0.0019244725680821202,0.031914893617021274,0.0,0.004405286343612335,0.029990421048939155,0.28484848484848485,00800000a0001914
LOGO,0.1,isotonic,equal_frequency,1.0,12,0.01338432122370937,0.08333333333333333,0.01338432122370937,0.01338432122370937,0.06994901210962395,0.03636363636363636,00800000a0001914
LOGO,0.1,isotonic,equal_frequency,2.0,40,0.023952095808383235,0.1,0.023952095808383235,0.023952095808383235,0.07604790419161678,0.12121212121212122,00800000a0001914
LOGO,0.1,isotonic,equal_frequency,3.0,22,0.033400649535887866,0.18181818181818182,0.024390243902439025,0.041044776119402986,0.14841753228229396,0.06666666666666667,00800000a0001914
LOGO,0.1,isotonic,equal_frequency,4.0,35,0.10916383384011626,0.2,0.07456140350877193,0.13960546282245825,0.09083616615988375,0.10606060606060606,00800000a0001914
LOGO,0.1,isotonic,equal_frequency,5.0,29,0.1975958707073163,0.1724137931034483,0.15151515151515152,0.2436548223350254,0.02518207760386801,0.08787878787878788,00800000a0001914
LOGO,0.1,isotonic,equal_frequency,6.0,41,0.34957708741513166,0.3170731707317073,0.25824175824175827,0.42857142857142855,0.03250391668342434,0.12424242424242424,00800000a0001914
LOGO,0.1,isotonic,equal_frequency,7.0,26,0.5762934809551351,0.4230769230769231,0.48947368421052634,0.72,0.15321655787821203,0.07878787878787878,00800000a0001914
LOGO,0.1,isotonic,equal_frequency,8.0,31,0.8550067204301075,0.6129032258064516,0.7333333333333333,1.0,0.24210349462365588,0.09393939393939393,00800000a0001914
LOGO,0.1,uncalibrated,equal_width,0.0,11207,0.05312078454753394,0.029624341929151424,0.0020755237687147213,0.09999781436809371,0.023496442618382515,0.3025157911785348,7276ff002e062804
LOGO,0.1,uncalibrated,equal_width,1.0,8695,0.14655307358111247,0.1031627372052904,0.10000173553739176,0.19999095456222393,0.04339033637582207,0.23470820061545106,7276ff002e062804
LOGO,0.1,uncalibrated,equal_width,2.0,5862,0.2466004538463336,0.1714431934493347,0.2000004982322417,0.2999840387288485,0.07515726039699891,0.15823570695891595,7276ff002e062804
LOGO,0.1,uncalibrated,equal_width,3.0,3941,0.34614228831621513,0.25196650596295356,0.3000321503462601,0.39998712191609115,0.09417578235326157,0.10638125573611186,7276ff002e062804
LOGO,0.1,uncalibrated,equal_width,4.0,2643,0.4469355134012107,0.32349602724177073,0.40003571337989746,0.49996692744457294,0.12343948615943995,0.07134373481617448,7276ff002e062804
LOGO,0.1,uncalibrated,equal_width,5.0,1920,0.5467596813640863,0.4322916666666667,0.5000536285759397,0.599984725509035,0.11446801469741957,0.05182745775522324,7276ff002e062804
LOGO,0.1,uncalibrated,equal_width,6.0,1354,0.6466023241650837,0.5502215657311669,0.6000898827330596,0.6996545088485956,0.0963807584339168,0.03654915510446472,7276ff002e062804
LOGO,0.1,uncalibrated,equal_width,7.0,835,0.7477117247402115,0.6946107784431138,0.7000283449255704,0.7999875917299483,0.05310094629709772,0.022539545430005938,7276ff002e062804
LOGO,0.1,uncalibrated,equal_width,8.0,456,0.8415538548718904,0.8092105263157895,0.8001205634179912,0.8996430077941355,0.03234332855610089,0.012309021216865518,7276ff002e062804
LOGO,0.1,uncalibrated,equal_width,9.0,133,0.9311926175340999,0.9323308270676691,0.9002688632285349,0.9972753831888203,0.0011382095335692455,0.003590131188252443,7276ff002e062804
LOGO,0.1,uncalibrated,equal_frequency,0.0,3705,0.02371083375669836,0.005937921727395412,0.0020755237687147213,0.038192848240727675,0.01777291202930295,0.10001079738703234,7276ff002e062804
LOGO,0.1,uncalibrated,equal_frequency,1.0,3705,0.05215369472654975,0.03049932523616734,0.03819547680531902,0.06693093784670266,0.02165436949038241,0.10001079738703234,7276ff002e062804
LOGO,0.1,uncalibrated,equal_frequency,2.0,3704,0.08233997258886142,0.05264578833693304,0.06694021847354675,0.0990152739466664,0.029694184251928372,0.0999838039194515,7276ff002e062804
LOGO,0.1,uncalibrated,equal_frequency,3.0,3705,0.11735457042696798,0.0874493927125506,0.09905497604632658,0.1365242844260188,0.029905177714417377,0.10001079738703234,7276ff002e062804
LOGO,0.1,uncalibrated,equal_frequency,4.0,3704,0.15816316096153968,0.10907127429805616,0.13652434226551904,0.18121711772730015,0.04909188666348352,0.0999838039194515,7276ff002e062804
LOGO,0.1,uncalibrated,equal_frequency,5.0,3705,0.2073125219307431,0.1417004048582996,0.1812281061037808,0.23470835902985646,0.0656121170724435,0.10001079738703234,7276ff002e062804
LOGO,0.1,uncalibrated,equal_frequency,6.0,3704,0.26757437949564766,0.18601511879049676,0.2347597936266697,0.3034779244917792,0.0815592607051509,0.0999838039194515,7276ff002e062804
LOGO,0.1,uncalibrated,equal_frequency,7.0,3705,0.3471833442397993,0.25263157894736843,0.30349589703641977,0.39765981221443747,0.09455176529243087,0.10001079738703234,7276ff002e062804
LOGO,0.1,uncalibrated,equal_frequency,8.0,3704,0.4663093354214762,0.34989200863930886,0.3976675646284778,0.5469048162626068,0.11641732678216732,0.0999838039194515,7276ff002e062804
LOGO,0.1,uncalibrated,equal_frequency,9.0,3705,0.6851213378502395,0.6008097165991902,0.5469168745139471,0.9972753831888203,0.0843116212510493,0.10001079738703234,7276ff002e062804
LOGO,0.1,sigmoid,equal_width,0.0,37046,0.0004795104064596712,0.18166603681908977,0.000321861408409974,0.0013847654564406709,0.1811865264126301,1.0,7276ff002e062804
LOGO,0.1,sigmoid,equal_frequency,0.0,3705,0.0003322693767770716,0.005937921727395412,0.000321861408409974,0.0003393722081843797,0.00560565235061834,0.10001079738703234,7276ff002e062804
LOGO,0.1,sigmoid,equal_frequency,1.0,3705,0.0003464194019636495,0.03049932523616734,0.0003393735166398993,0.00035398319515264756,0.03015290583420369,0.10001079738703234,7276ff002e062804
LOGO,0.1,sigmoid,equal_frequency,2.0,3704,0.00036210772158384375,0.05264578833693304,0.00035398801374028616,0.00037103961062629447,0.0522836806153492,0.0999838039194515,7276ff002e062804
LOGO,0.1,sigmoid,equal_frequency,3.0,3705,0.00038120452574682195,0.0874493927125506,0.0003710612176939763,0.0003920242695242038,0.08706818818680379,0.10001079738703234,7276ff002e062804
LOGO,0.1,sigmoid,equal_frequency,4.0,3704,0.0004047379250256804,0.10907127429805616,0.00039202430278080237,0.00041858238198474697,0.10866653637303048,0.0999838039194515,7276ff002e062804
LOGO,0.1,sigmoid,equal_frequency,5.0,3705,0.00043502432318213513,0.1417004048582996,0.0004185891279913105,0.0004527435011365062,0.14126538053511747,0.10001079738703234,7276ff002e062804
LOGO,0.1,sigmoid,equal_frequency,6.0,3704,0.0004752981182952919,0.18601511879049676,0.0004527776548460703,0.0005007872345789699,0.18553982067220146,0.0999838039194515,7276ff002e062804
LOGO,0.1,sigmoid,equal_frequency,7.0,3705,0.0005343560723039549,0.25263157894736843,0.0005008004342044662,0.0005749583246614167,0.2520972228750645,0.10001079738703234,7276ff002e062804
LOGO,0.1,sigmoid,equal_frequency,8.0,3704,0.0006371150115324468,0.34989200863930886,0.0005749648610314694,0.0007156132160384532,0.3492548936277764,0.0999838039194515,7276ff002e062804
LOGO,0.1,sigmoid,equal_frequency,9.0,3705,0.0008865611204801742,0.6008097165991902,0.000715625868243874,0.0013847654564406709,0.5999231554787101,0.10001079738703234,7276ff002e062804
LOGO,0.1,isotonic,equal_width,0.0,36034,0.010618686772668823,0.16492756840761502,0.0,0.09672442830353215,0.1543088816349462,0.9726826108081844,7276ff002e062804
LOGO,0.1,isotonic,equal_width,1.0,30,0.15503382010364866,0.6666666666666666,0.10139740487060503,0.1974798233834051,0.511632846563018,0.0008098040274253631,7276ff002e062804
LOGO,0.1,isotonic,equal_width,2.0,982,0.24937319249426196,0.7810590631364562,0.20160893751987824,0.25,0.5316858706421943,0.026507585164390217,7276ff002e062804
LOGO,0.1,isotonic,equal_frequency,0.0,33865,0.007657132280783107,0.13970175697622914,0.0,0.041666666666666664,0.13204462469544603,0.9141337796253307,7276ff002e062804
LOGO,0.1,isotonic,equal_frequency,1.0,3181,0.11721485825529805,0.6284187362464634,0.04172027998579259,0.25,0.5112038779911653,0.08586622037466933,7276ff002e062804
Time,0.2,uncalibrated,equal_width,0.0,19175,0.014814358427007792,0.0,0.00037440644095453334,0.09999753057621731,0.014814358427007792,0.5359738372093024,
Time,0.2,uncalibrated,equal_width,1.0,2884,0.14776001718216777,0.0013869625520110957,0.10003525196200991,0.19999091750981032,0.14637305463015668,0.08061270125223613,
Time,0.2,uncalibrated,equal_width,2.0,2375,0.24902741951982313,0.0012631578947368421,0.20005081812907136,0.29982652087168915,0.24776426162508627,0.0663852862254025,
Time,0.2,uncalibrated,equal_width,3.0,2099,0.34917058675024637,0.003811338732729871,0.30000674295280183,0.39998740918279063,0.3453592480175165,0.05867061717352415,
Time,0.2,uncalibrated,equal_width,4.0,1823,0.44974005352397733,0.007679648930334613,0.40003569555982016,0.4999748909719775,0.4420604045936427,0.0509559481216458,
Time,0.2,uncalibrated,equal_width,5.0,1573,0.5490585732221178,0.014621741894469168,0.5000177774236239,0.5999594351513671,0.5344368313276486,0.043968023255813955,
Time,0.2,uncalibrated,equal_width,6.0,1537,0.6492129423149665,0.029277813923227064,0.6000513030362162,0.6999998288821914,0.6199351283917395,0.04296176207513417,
Time,0.2,uncalibrated,equal_width,7.0,1484,0.7488956432950101,0.0444743935309973,0.7002498039673953,0.7999379415140113,0.7044212497640128,0.04148032200357782,
Time,0.2,uncalibrated,equal_width,8.0,1353,0.8505150962880719,0.10273466371027347,0.8000600393004208,0.8999870388595654,0.7477804325777984,0.037818649373881935,
Time,0.2,uncalibrated,equal_width,9.0,1473,0.9534537556809194,0.3000678886625934,0.9000524189307577,0.9999345614424029,0.653385867018326,0.041172853309481214,
Time,0.2,uncalibrated,equal_frequency,0.0,3578,0.0021361563562414683,0.0,0.00037440644095453334,0.004061387026073785,0.0021361563562414683,0.10001118067978533,
Time,0.2,uncalibrated,equal_frequency,1.0,3578,0.005410848322376271,0.0,0.004061853999907763,0.006570299428889814,0.005410848322376271,0.10001118067978533,
Time,0.2,uncalibrated,equal_frequency,2.0,3577,0.0076468593140687465,0.0,0.00657051258582717,0.008774740010512459,0.0076468593140687465,0.099983228980322,
Time,0.2,uncalibrated,equal_frequency,3.0,3578,0.01023866421692547,0.0,0.00877593989506436,0.012064561000094865,0.01023866421692547,0.10001118067978533,
Time,0.2,uncalibrated,equal_frequency,4.0,3577,0.02496634870470909,0.0,0.012067451355700736,0.061519093319275804,0.02496634870470909,0.099983228980322,
Time,0.2,uncalibrated,equal_frequency,5.0,3578,0.11686209810569423,0.0008384572386808273,0.061541036194550154,0.17755822941202057,0.1160236408670134,0.10001118067978533,
Time,0.2,uncalibrated,equal_frequency,6.0,3577,0.2499247486766936,0.0011182555213866368,0.17757287164691862,0.3275903338815697,0.24880649315530695,0.099983228980322,
Time,0.2,uncalibrated,equal_frequency,7.0,3578,0.41828205907111143,0.006707657909446618,0.3276066810015232,0.5168934461790617,0.4115744011616648,0.10001118067978533,
Time,0.2,uncalibrated,equal_frequency,8.0,3577,0.6307766856944903,0.02460162147050601,0.5169782367496315,0.7465709188929114,0.6061750642239843,0.099983228980322,
Time,0.2,uncalibrated,equal_frequency,9.0,3578,0.8767959724595004,0.17467859139183903,0.7465737561788637,0.9999345614424029,0.7021173810676613,0.10001118067978533,
Time,0.2,sigmoid,equal_width,0.0,33387,0.006198747009229145,0.005900500194686555,0.00017981004272750795,0.09998369049465604,0.00029824681454259077,0.933223389982111,
Time,0.2,sigmoid,equal_width,1.0,1434,0.1448564041303734,0.15202231520223153,0.10008235635274555,0.19992559401894128,0.007165911071858128,0.04008273703041145,
Time,0.2,sigmoid,equal_width,2.0,955,0.2439137517109003,0.34450261780104713,0.20000541420085577,0.2855050309578956,0.10058886609014683,0.02669387298747764,
Time,0.2,sigmoid,equal_frequency,0.0,3578,0.00018227312305947902,0.0,0.00017981004272750795,0.00018499348056503988,0.00018227312305947902,0.10001118067978533,
Time,0.2,sigmoid,equal_frequency,1.0,3578,0.00018693059338795547,0.0,0.0001849941464448778,0.00018860586033013412,0.00018693059338795547,0.10001118067978533,
Time,0.2,sigmoid,equal_frequency,2.0,3577,0.00019017969640739425,0.0,0.00018860617021442132,0.0001918380169434177,0.00019017969640739425,0.099983228980322,
Time,0.2,sigmoid,equal_frequency,3.0,3578,0.00019402003125614997,0.0,0.00019183979121169183,0.00019676484114285439,0.00019402003125614997,0.10001118067978533,
Time,0.2,sigmoid,equal_frequency,4.0,3577,0.0002188767371195589,0.0,0.00019676922488110266,0.00028806551286557054,0.0002188767371195589,0.099983228980322,
Time,0.2,sigmoid,equal_frequency,5.0,3578,0.0004561754744853377,0.0008384572386808273,0.0002881142346129498,0.0007044205869012748,0.0003822817641954896,0.10001118067978533,
Time,0.2,sigmoid,equal_frequency,6.0,3577,0.001300390886365722,0.0011182555213866368,0.0007045000534436013,0.002236158648691516,0.00018213536497908508,0.099983228980322,
Time,0.2,sigmoid,equal_frequency,7.0,3578,0.004890141305690796,0.006707657909446618,0.002236439855175392,0.009552784159258589,0.0018175166037558222,0.10001118067978533,
Time,0.2,sigmoid,equal_frequency,8.0,3577,0.025577469373744832,0.02460162147050601,0.009558971080160562,0.05362495366560298,0.0009758479032388225,0.099983228980322,
Time,0.2,sigmoid,equal_frequency,9.0,3578,0.14781152760818997,0.17467859139183903,0.05362606377050762,0.2855050309578956,0.02686706378364906,0.10001118067978533,
Time,0.2,isotonic,equal_width,0.0,34386,0.00688186905500357,0.009189786541034141,0.0,0.09142857142857143,0.0023079174860305713,0.9611471377459749,
Time,0.2,isotonic,equal_width,1.0,526,0.17697404603012726,0.22813688212927757,0.10135353349943706,0.18691588785046725,0.051162836099150316,0.014702593917710196,
Time,0.2,isotonic,equal_width,2.0,564,0.27359239792381923,0.3067375886524823,0.24324324324324326,0.29896907216494845,0.033145190728663065,0.015764758497316636,
Time,0.2,isotonic,equal_width,3.0,83,0.3303284635480929,0.3855421686746988,0.3127581241613874,0.3771133288599267,0.055213705126605894,0.0023199910554561718,
Time,0.2,isotonic,equal_width,4.0,89,0.4025974025974026,0.4606741573033708,0.4025974025974026,0.4025974025974026,0.05807675470596818,0.0024877012522361358,
Time,0.2,isotonic,equal_width,5.0,128,0.57451171875,0.484375,0.5625,0.6,0.09013671874999996,0.0035778175313059034,
Time,0.2,isotonic,equal_frequency,0.0,27045,0.0008954429141177872,0.0006655574043261231,0.0,0.005980861244019139,0.00022988550979166405,0.7559537119856887,
Time,0.2,isotonic,equal_frequency,1.0,3272,0.010702118093302466,0.012224938875305624,0.007120879340708418,0.011469534050179211,0.0015228207820031578,0.09145796064400716,
Time,0.2,isotonic,equal_frequency,2.0,2355,0.024665412196491262,0.03481953290870488,0.011960574963322826,0.0471976401179941,0.01015412071221362,0.06582625223613596,
Time,0.2,isotonic,equal_frequency,3.0,3104,0.1622096364483106,0.19458762886597938,0.04896319709025601,0.6,0.03237799241766878,0.08676207513416816,
LOGO,0.2,uncalibrated,equal_width,0.0,1610,0.03409055842790634,0.009316770186335404,1.97840877733663e-06,0.09999494564795275,0.02477378824157094,0.23593200468933176,00000f0c22433141
LOGO,0.2,uncalibrated,equal_width,1.0,597,0.14666438651021918,0.03015075376884422,0.10010137947538748,0.1999438616568571,0.11651363274137497,0.08748534583821806,00000f0c22433141
LOGO,0.2,uncalibrated,equal_width,2.0,434,0.24941404162364167,0.07603686635944701,0.20034889821044208,0.2998143958800073,0.17337717526419466,0.06359906213364595,00000f0c22433141
LOGO,0.2,uncalibrated,equal_width,3.0,348,0.34835708452468234,0.05172413793103448,0.3004361598175181,0.39993574862989295,0.29663294659364786,0.050996483001172335,00000f0c22433141
LOGO,0.2,uncalibrated,equal_width,4.0,301,0.44784768084134285,0.046511627906976744,0.40016501121025216,0.4999360585527985,0.40133605293436614,0.04410902696365768,00000f0c22433141
LOGO,0.2,uncalibrated,equal_width,5.0,350,0.5498383215259756,0.09142857142857143,0.5000349794132242,0.5997398229920439,0.45840975009740415,0.05128956623681125,00000f0c22433141
LOGO,0.2,uncalibrated,equal_width,6.0,364,0.6486363751362996,0.1043956043956044,0.6001810899563528,0.6996049975753024,0.5442407707406952,0.053341148886283704,00000f0c22433141
LOGO,0.2,uncalibrated,equal_width,7.0,437,0.7539727547866059,0.16018306636155608,0.7005734719977501,0.7995493329186537,0.5937896884250498,0.06403868698710434,00000f0c22433141
LOGO,0.2,uncalibrated,equal_width,8.0,625,0.8525241758829563,0.1696,0.8000633859952655,0.8999736823850596,0.6829241758829563,0.09158851113716296,00000f0c22433141
LOGO,0.2,uncalibrated,equal_width,9.0,1758,0.9664294961472987,0.36803185437997726,0.9002525279165144,0.9999997989245495,0.5983976417673214,0.257620164126612,00000f0c22433141
LOGO,0.2,uncalibrated,equal_frequency,0.0,683,0.007189130866169244,0.0029282576866764276,1.97840877733663e-06,0.019149776595515863,0.0042608731794928165,0.10008792497069167,00000f0c22433141
LOGO,0.2,uncalibrated,equal_frequency,1.0,682,0.04244639462917702,0.008797653958944282,0.019167007609424323,0.07153862986926797,0.03364874067023274,0.09994138335287221,00000f0c22433141
LOGO,0.2,uncalibrated,equal_frequency,2.0,682,0.11584902300918652,0.03372434017595308,0.07174484750620562,0.16866139155393345,0.08212468283323344,0.09994138335287221,00000f0c22433141
LOGO,0.2,uncalibrated,equal_frequency,3.0,683,0.2423233587653051,0.060029282576866766,0.16868566903066282,0.32385572901434834,0.18229407618843835,0.10008792497069167,00000f0c22433141
LOGO,0.2,uncalibrated,equal_frequency,4.0,682,0.42735318072331485,0.05278592375366569,0.3238988789042662,0.5336201288276229,0.37456725696964915,0.09994138335287221,00000f0c22433141
LOGO,0.2,uncalibrated,equal_frequency,5.0,682,0.6300306286774984,0.10703812316715543,0.5347374779647495,0.7257719261480288,0.5229925055103429,0.09994138335287221,00000f0c22433141
LOGO,0.2,uncalibrated,equal_frequency,6.0,683,0.796477894270512,0.17715959004392387,0.7259998257384996,0.8577592748392752,0.6193183042265881,0.10008792497069167,00000f0c22433141
LOGO,0.2,uncalibrated,equal_frequency,7.0,682,0.9037544484570135,0.18914956011730205,0.857786499266869,0.9408848957244438,0.7146048883397114,0.09994138335287221,00000f0c22433141
LOGO,0.2,uncalibrated,equal_frequency,8.0,682,0.9646048519974942,0.3035190615835777,0.9409019757311895,0.9834624473745229,0.6610857904139165,0.09994138335287221,00000f0c22433141
LOGO,0.2,uncalibrated,equal_frequency,9.0,683,0.9939072508807097,0.5168374816983895,0.9835504510199816,0.9999997989245495,0.47706976918232025,0.10008792497069167,00000f0c22433141
LOGO,0.2,sigmoid,equal_width,0.0,4399,0.013323908930616976,0.05182996135485338,0.0004005085531257736,0.0996285598676341,0.0385060524242364,0.6446365767878077,00000f0c22433141
LOGO,0.2,sigmoid,equal_width,1.0,718,0.1478650399877126,0.17548746518105848,0.10018676538454223,0.19982157728629135,0.027622425193345873,0.1052168815943728,00000f0c22433141
LOGO,0.2,sigmoid,equal_width,2.0,1008,0.2553885560762674,0.2767857142857143,0.2001874455420904,0.2999636109415799,0.021397158209446876,0.1477139507620164,00000f0c22433141
LOGO,0.2,sigmoid,equal_width,3.0,699,0.3162236473129753,0.5121602288984263,0.300011180546906,0.3259747136704534,0.19593658158545096,0.10243259085580304,00000f0c22433141
LOGO,0.2,sigmoid,equal_frequency,0.0,683,0.0004217970906278743,0.0029282576866764276,0.0004005085531257736,0.0004587697779022484,0.0025064605960485532,0.10008792497069167,00000f0c22433141
LOGO,0.2,sigmoid,equal_frequency,1.0,682,0.0005444448410581404,0.008797653958944282,0.000458825849503767,0.000665201667075822,0.008253209117886143,0.09994138335287221,00000f0c22433141
LOGO,0.2,sigmoid,equal_frequency,2.0,682,0.0009293486991042368,0.03372434017595308,0.0006661751259352622,0.0013242586499695261,0.03279499147684884,0.09994138335287221,00000f0c22433141
LOGO,0.2,sigmoid,equal_frequency,3.0,683,0.002343198113490184,0.060029282576866766,0.0013244864995655087,0.003972705729191179,0.05768608446337658,0.10008792497069167,00000f0c22433141
LOGO,0.2,sigmoid,equal_frequency,4.0,682,0.009054473116314197,0.05278592375366569,0.0039739174801649985,0.01736380418675291,0.043731450637351496,0.09994138335287221,00000f0c22433141
LOGO,0.2,sigmoid,equal_frequency,5.0,682,0.036195798255777144,0.10703812316715543,0.017499604077374338,0.06462458622204545,0.07084232491137829,0.09994138335287221,00000f0c22433141
LOGO,0.2,sigmoid,equal_frequency,6.0,683,0.10504397830155862,0.17715959004392387,0.0647224097104884,0.1498499511862142,0.07211561174236525,0.10008792497069167,00000f0c22433141
LOGO,0.2,sigmoid,equal_frequency,7.0,682,0.19773204128778527,0.18914956011730205,0.14987456338484456,0.24123441087192513,0.008582481170483214,0.09994138335287221,00000f0c22433141
LOGO,0.2,sigmoid,equal_frequency,8.0,682,0.27370069226204713,0.3035190615835777,0.24125659583091302,0.30073592431393315,0.02981836932153059,0.09994138335287221,00000f0c22433141
LOGO,0.2,sigmoid,equal_frequency,9.0,683,0.3165951722373193,0.5168374816983895,0.30086726258878654,0.3259747136704534,0.2002423094610702,0.10008792497069167,00000f0c22433141
LOGO,0.2,isotonic,equal_width,0.0,4657,0.01670206234933641,0.05969508267124758,0.0,0.1,0.04299302032191117,0.6824443141852286,00000f0c22433141
LOGO,0.2,isotonic,equal_width,1.0,601,0.1544972424356079,0.17803660565723795,0.10579136002669272,0.2,0.023539363221630055,0.08807151230949589,00000f0c22433141
LOGO,0.2,isotonic,equal_width,2.0,94,0.22114104480430774,0.24468085106382978,0.20376141853774363,0.28609246998158144,0.02353980625952204,0.013774912075029308,00000f0c22433141
LOGO,0.2,isotonic,equal_width,3.0,854,0.3476526587500376,0.2927400468384075,0.30434782608695654,0.3887012635043535,0.054912611911630105,0.12514654161781946,00000f0c22433141
LOGO,0.2,isotonic,equal_width,4.0,87,0.44246766171009705,0.3563218390804598,0.4028806965342579,0.4444444444444444,0.08614582262963727,0.012749120750293084,00000f0c22433141
LOGO,0.2,isotonic,equal_width,7.0,218,0.7501969746153291,0.40825688073394495,0.75,0.7817752290186414,0.34194009388138413,0.03194607268464244,00000f0c22433141
LOGO,0.2,isotonic,equal_width,8.0,6,0.841264711658288,0.5,0.803774675348662,0.8812324904530874,0.341264711658288,0.0008792497069167644,00000f0c22433141
LOGO,0.2,isotonic,equal_width,9.0,307,0.9987302253820031,0.6840390879478827,0.9057600078966322,1.0,0.31469113743412036,0.044988276670574444,00000f0c22433141
LOGO,0.2,isotonic,equal_frequency,0.0,2244,0.00012876877588857824,0.015597147950089126,0.0,0.0013850415512465374,0.015468379174200547,0.3288393903868699,00000f0c22433141
LOGO,0.2,isotonic,equal_frequency,1.0,508,0.0026877481752226712,0.07677165354330709,0.0024271844660194173,0.003875968992248062,0.07408390536808442,0.07444314185228605,00000f0c22433141
LOGO,0.2,isotonic,equal_frequency,2.0,1037,0.015221152039333248,0.07328833172613308,0.004132231404958678,0.0217741935483871,0.058067179686799836,0.15196365767878078,00000f0c22433141
LOGO,0.2,isotonic,equal_frequency,3.0,364,0.05407611292103621,0.1043956043956044,0.021897810218978103,0.06611570247933884,0.05031949147456819,0.053341148886283704,00000f0c22433141
LOGO,0.2,isotonic,equal_frequency,4.0,694,0.09175638957195283,0.18011527377521613,0.07747805724219216,0.12142857142857143,0.08835888420326331,0.10169988276670575,00000f0c22433141
LOGO,0.2,isotonic,equal_frequency,5.0,656,0.20819637146083425,0.19359756097560976,0.14694654950314645,0.30434782608695654,0.01459881048522449,0.09613130128956623,00000f0c22433141
LOGO,0.2,isotonic,equal_frequency,6.0,702,0.3569090421223608,0.31054131054131057,0.3177069058119815,0.38461538461538464,0.04636773158105023,0.10287221570926143,00000f0c22433141
LOGO,0.2,isotonic,equal_frequency,7.0,619,0.8305074244921635,0.5379644588045234,0.3887012635043535,1.0,0.29254296568764016,0.09070926143024619,00000f0c22433141
LOGO,0.2,uncalibrated,equal_width,0.0,3062,0.023936936672922734,0.020248203788373612,1.8241067224931522e-06,0.09999054762274347,0.0036887328845491216,0.7499387705118785,00800000a0001793
LOGO,0.2,uncalibrated,equal_width,1.0,360,0.14158645340867707,0.11944444444444445,0.10001969344064357,0.1996313107630574,0.022142008964232615,0.0881704628949302,00800000a0001793
LOGO,0.2,uncalibrated,equal_width,2.0,232,0.24409697697430222,0.15086206896551724,0.20028005385698264,0.29923411336141376,0.09323490800878498,0.05682096497673279,00800000a0001793
LOGO,0.2,uncalibrated,equal_width,3.0,125,0.34683795545632884,0.192,0.3001792923616353,0.39902114060585425,0.15483795545632884,0.030614744060739652,00800000a0001793
LOGO,0.2,uncalibrated,equal_width,4.0,71,0.45106709178903387,0.15492957746478872,0.4001873360968289,0.499728520243425,0.2961375143242452,0.017389174626500123,00800000a0001793
LOGO,0.2,uncalibrated,equal_width,5.0,46,0.5459661606928935,0.34782608695652173,0.5004126155790953,0.5998150074147058,0.19814007373637177,0.011266225814352193,00800000a0001793
LOGO,0.2,uncalibrated,equal_width,6.0,34,0.6495006640976735,0.35294117647058826,0.6023368344701039,0.6910633778396411,0.2965594876270852,0.008327210384521186,00800000a0001793
LOGO,0.2,uncalibrated,equal_width,7.0,48,0.7486646872408858,0.4791666666666667,0.7005279617805323,0.7953203352433037,0.26949802057421907,0.011756061719324026,00800000a0001793
LOGO,0.2,uncalibrated,equal_width,8.0,54,0.8573796139806279,0.6296296296296297,0.8032519027936406,0.8987539068844185,0.22774998435099825,0.01322556943423953,00800000a0001793
LOGO,0.2,uncalibrated,equal_width,9.0,51,0.9391079326315076,0.43137254901960786,0.9010946196662791,0.9989520044541963,0.5077353836118997,0.012490815576781777,00800000a0001793
LOGO,0.2,uncalibrated,equal_frequency,0.0,409,0.0009106638504628338,0.0,1.8241067224931522e-06,0.0018676201847077649,0.0009106638504628338,0.10017144256674014,00800000a0001793
LOGO,0.2,uncalibrated,equal_frequency,1.0,408,0.003354400453443569,0.00980392156862745,0.0018776220028783432,0.004996602626536896,0.006449521115183881,0.09992652461425422,00800000a0001793
LOGO,0.2,uncalibrated,equal_frequency,2.0,408,0.006917570769482842,0.00980392156862745,0.005006477000292834,0.009150220324651195,0.002886350799144609,0.09992652461425422,00800000a0001793
LOGO,0.2,uncalibrated,equal_frequency,3.0,408,0.01239089878095668,0.00980392156862745,0.00915198839064333,0.016326434365414092,0.0025869772123292296,0.09992652461425422,00800000a0001793
LOGO,0.2,uncalibrated,equal_frequency,4.0,409,0.020921551060221213,0.009779951100244499,0.01635480471994412,0.026502702303995457,0.011141599959976715,0.10017144256674014,00800000a0001793
LOGO,0.2,uncalibrated,equal_frequency,5.0,408,0.03474667921333336,0.02696078431372549,0.026512896335948787,0.044090850498310796,0.007785894899607869,0.09992652461425422,00800000a0001793
LOGO,0.2,uncalibrated,equal_frequency,6.0,408,0.057287992766459205,0.049019607843137254,0.044156260171293836,0.07428037904073366,0.00826838492332195,0.09992652461425422,00800000a0001793
LOGO,0.2,uncalibrated,equal_frequency,7.0,408,0.10257781864175083,0.07352941176470588,0.07446698136066249,0.1443595946953465,0.02904840687704495,0.09992652461425422,00800000a0001793
LOGO,0.2,uncalibrated,equal_frequency,8.0,408,0.21930627442369083,0.16176470588235295,0.1447653818213263,0.31835247430907004,0.05754156854133788,0.09992652461425422,00800000a0001793
LOGO,0.2,uncalibrated,equal_frequency,9.0,409,0.6028086102839155,0.33985330073349634,0.31876070388238664,0.9989520044541963,0.2629553095504192,0.10017144256674014,00800000a0001793
LOGO,0.2,sigmoid,equal_width,0.0,3958,0.002499327675237883,0.05507832238504295,0.0005067856800607483,0.09787149300618368,0.052578994709805066,0.9693852559392604,00800000a0001793
LOGO,0.2,sigmoid,equal_width,1.0,54,0.14933435092401529,0.5,0.10036920089106825,0.19848096411892602,0.35066564907598474,0.01322556943423953,00800000a0001793
LOGO,0.2,sigmoid,equal_width,2.0,53,0.24809595435500773,0.5849056603773585,0.20039326441377323,0.29823716321272287,0.3368097060223507,0.012980651481753612,00800000a0001793
LOGO,0.2,sigmoid,equal_width,3.0,18,0.33548780994537997,0.3333333333333333,0.3009782173202536,0.38439954120984776,0.002154476612046652,0.00440852314474651,00800000a0001793
LOGO,0.2,sigmoid,equal_frequency,0.0,409,0.0005100789841021972,0.0,0.0005067856800607483,0.000513562825471736,0.0005100789841021972,0.10017144256674014,00800000a0001793
LOGO,0.2,sigmoid,equal_frequency,1.0,408,0.0005190384930486687,0.00980392156862745,0.0005135993981690791,0.000525132195650621,0.009284883075578782,0.09992652461425422,00800000a0001793
LOGO,0.2,sigmoid,equal_frequency,2.0,408,0.0005323826199066171,0.00980392156862745,0.0005251691152891512,0.000540893535444529,0.009271538948720834,0.09992652461425422,00800000a0001793
LOGO,0.2,sigmoid,equal_frequency,3.0,408,0.0005535783232343436,0.00980392156862745,0.0005409003442373543,0.0005692465831118425,0.009250343245393108,0.09992652461425422,00800000a0001793
LOGO,0.2,sigmoid,equal_frequency,4.0,409,0.0005883025403233715,0.009779951100244499,0.0005693615714603323,0.0006120177763278038,0.009191648559921127,0.10017144256674014,00800000a0001793
LOGO,0.2,sigmoid,equal_frequency,5.0,408,0.0006494512699763108,0.02696078431372549,0.0006120621936114953,0.0006936506389291317,0.02631133304374918,0.09992652461425422,00800000a0001793
LOGO,0.2,sigmoid,equal_frequency,6.0,408,0.0007635368279892398,0.049019607843137254,0.0006939736925062253,0.0008599347079559312,0.04825607101514801,0.09992652461425422,00800000a0001793
LOGO,0.2,sigmoid,equal_frequency,7.0,408,0.0010623029924526027,0.07352941176470588,0.0008610775577853608,0.0014158815887489076,0.07246710877225328,0.09992652461425422,00800000a0001793
LOGO,0.2,sigmoid,equal_frequency,8.0,408,0.0025517447482546174,0.16176470588235295,0.0014199744593175116,0.004873043906962641,0.15921296113409833,0.09992652461425422,00800000a0001793
LOGO,0.2,sigmoid,equal_frequency,9.0,409,0.08310306017771808,0.33985330073349634,0.00488716605735144,0.38439954120984776,0.2567502405557783,0.10017144256674014,00800000a0001793
LOGO,0.2,isotonic,equal_width,0.0,3984,0.0027489365298172795,0.0572289156626506,0.0,0.09939148073022312,0.05447997913283332,0.9757531227038942,00800000a0001793
LOGO,0.2,isotonic,equal_width,1.0,48,0.1536154271349174,0.6666666666666666,0.13218390804597702,0.18181818181818182,0.5130512395317492,0.011756061719324026,00800000a0001793
LOGO,0.2,isotonic,equal_width,2.0,5,0.24786324786324787,0.8,0.2222222222222222,0.2777777777777778,0.5521367521367522,0.0012245897624295861,00800000a0001793
LOGO,0.2,isotonic,equal_width,3.0,40,0.35017762325516427,0.425,0.32857142857142857,0.375,0.07482237674483572,0.00979671809943669,00800000a0001793
LOGO,0.2,isotonic,equal_width,7.0,4,0.75,0.25,0.75,0.75,0.5,0.0009796718099436689,00800000a0001793
LOGO,0.2,isotonic,equal_width,9.0,2,1.0,0.0,1.0,1.0,1.0,0.0004898359049718344,00800000a0001793
LOGO,0.2,isotonic,equal_frequency,0.0,3402,4.3188674830111456e-05,0.029982363315696647,0.0,0.0008904719501335708,0.029939174640866536,0.8332108743570904,00800000a0001793
LOGO,0.2,isotonic,equal_frequency,1.0,378,0.003056976861615894,0.164021164021164,0.0026362038664323375,0.003486750348675035,0.1609641871595481,0.09257898603967671,00800000a0001793
LOGO,0.2,isotonic,equal_frequency,2.0,303,0.12300085703408593,0.38943894389438943,0.014021161959178496,1.0,0.2664380868603035,0.07421013960323292,00800000a0001793
LOGO,0.2,uncalibrated,equal_width,0.0,512,0.046911691796740276,0.001953125,0.0004458217071116245,0.09989456406030496,0.044958566796740276,0.15242631735635606,00800000a0001794
LOGO,0.2,uncalibrated,equal_width,1.0,339,0.14604584920524738,0.0058997050147492625,0.10017259737545457,0.1998758375272002,0.14014614419049812,0.10092289371836856,00800000a0001794
LOGO,0.2,uncalibrated,equal_width,2.0,282,0.2502147138389686,0.0035460992907801418,0.20016422376801907,0.2998254880807278,0.24666861454818845,0.08395355760643049,00800000a0001794
LOGO,0.2,uncalibrated,equal_width,3.0,233,0.346469566597298,0.012875536480686695,0.30034779925020216,0.39946422432467726,0.3335940301166113,0.06936588270318547,00800000a0001794
LOGO,0.2,uncalibrated,equal_width,4.0,196,0.4531061842227741,0.015306122448979591,0.40035086957212884,0.4990524876499095,0.4378000617737945,0.058350699612980055,00800000a0001794
LOGO,0.2,uncalibrated,equal_width,5.0,214,0.5515820218080912,0.018691588785046728,0.5010707562162947,0.5995805207239167,0.5328904330230445,0.06370943733253945,00800000a0001794
LOGO,0.2,uncalibrated,equal_width,6.0,243,0.6478694228086567,0.024691358024691357,0.6001417878031643,0.6995479198076114,0.6231780647839653,0.0723429592140518,00800000a0001794
LOGO,0.2,uncalibrated,equal_width,7.0,274,0.7506435717847054,0.04744525547445255,0.7004496137901253,0.7994378941738473,0.7031983163102529,0.08157189639773742,00800000a0001794
LOGO,0.2,uncalibrated,equal_width,8.0,348,0.8526488692369076,0.09770114942528736,0.801489561533197,0.8999263667283263,0.7549477198116202,0.10360226257814825,00800000a0001794
LOGO,0.2,uncalibrated,equal_width,9.0,718,0.9610042155450442,0.2966573816155989,0.9000765828563093,0.9999201352520888,0.6643468339294454,0.21375409348020244,00800000a0001794
LOGO,0.2,uncalibrated,equal_frequency,0.0,336,0.02949813236825534,0.0,0.0004458217071116245,0.0610972101133349,0.02949813236825534,0.10002977076510866,00800000a0001794
LOGO,0.2,uncalibrated,equal_frequency,1.0,336,0.09844454666833338,0.005952380952380952,0.06145976076206183,0.13959487755259103,0.09249216571595242,0.10002977076510866,00800000a0001794
LOGO,0.2,uncalibrated,equal_frequency,2.0,336,0.19759981006572694,0.005952380952380952,0.13976805579724721,0.2536873711521314,0.19164742911334598,0.10002977076510866,00800000a0001794
LOGO,0.2,uncalibrated,equal_frequency,3.0,336,0.31776999105494086,0.005952380952380952,0.253821725743502,0.3883302072247181,0.31181761010255993,0.10002977076510866,00800000a0001794
LOGO,0.2,uncalibrated,equal_frequency,4.0,336,0.47579872309372595,0.020833333333333332,0.3887215593181549,0.5593870160005865,0.45496538976039264,0.10002977076510866,00800000a0001794
LOGO,0.2,uncalibrated,equal_frequency,5.0,335,0.627699392623772,0.01791044776119403,0.5596506728623163,0.6980658285723838,0.609788944862578,0.09973206311402202,00800000a0001794
LOGO,0.2,uncalibrated,equal_frequency,6.0,336,0.7601343446486419,0.06547619047619048,0.6983280074380621,0.8174462086060474,0.6946581541724515,0.10002977076510866,00800000a0001794
LOGO,0.2,uncalibrated,equal_frequency,7.0,336,0.8673177276319012,0.10119047619047619,0.8176855455537191,0.9103526517442628,0.766127251441425,0.10002977076510866,00800000a0001794
LOGO,0.2,uncalibrated,equal_frequency,8.0,336,0.9431541833500933,0.22321428571428573,0.9103684764128556,0.9690130968572072,0.7199398976358076,0.10002977076510866,00800000a0001794
LOGO,0.2,uncalibrated,equal_frequency,9.0,336,0.986520033121951,0.3869047619047619,0.9690640776990658,0.9999201352520888,0.5996152712171892,0.10002977076510866,00800000a0001794
LOGO,0.2,sigmoid,equal_width,0.0,2165,0.016237105337006067,0.012009237875288684,0.000481691804970931,0.09933992344390812,0.004227867461717383,0.6445370646025603,00800000a0001794
LOGO,0.2,sigmoid,equal_width,1.0,357,0.14711655131835913,0.08403361344537816,0.10001336569556954,0.19968850788851839,0.06308293787298097,0.10628163143792796,00800000a0001794
LOGO,0.2,sigmoid,equal_width,2.0,320,0.251740358897944,0.140625,0.2000974116327962,0.29934904608512597,0.111115358897944,0.09526644834772253,00800000a0001794
LOGO,0.2,sigmoid,equal_width,3.0,517,0.35150055149679793,0.34622823984526113,0.30014552669068606,0.39140513272286276,0.0052723116515367985,0.15391485561178922,00800000a0001794
LOGO,0.2,sigmoid,equal_frequency,0.0,336,0.0005981642963695197,0.0,0.000481691804970931,0.0007452627240942505,0.0005981642963695197,0.10002977076510866,00800000a0001794
LOGO,0.2,sigmoid,equal_frequency,1.0,336,0.000987748671673466,0.005952380952380952,0.0007472092443407189,0.0013107591501356824,0.004964632280707486,0.10002977076510866,00800000a0001794
LOGO,0.2,sigmoid,equal_frequency,2.0,336,0.0020455335982608657,0.005952380952380952,0.0013123924096099242,0.0029755100364442315,0.003906847354120086,0.10002977076510866,00800000a0001794
LOGO,0.2,sigmoid,equal_frequency,3.0,336,0.004891520284830449,0.005952380952380952,0.002978381260538663,0.007806836101863444,0.001060860667550503,0.10002977076510866,00800000a0001794
LOGO,0.2,sigmoid,equal_frequency,4.0,336,0.01540925352895195,0.020833333333333332,0.007828692566112135,0.026255026600080767,0.005424079804381383,0.10002977076510866,00800000a0001794
LOGO,0.2,sigmoid,equal_frequency,5.0,335,0.04374156516632832,0.01791044776119403,0.026303603063893267,0.068192560333839,0.02583111740513429,0.09973206311402202,00800000a0001794
LOGO,0.2,sigmoid,equal_frequency,6.0,336,0.10495127881997494,0.06547619047619048,0.06831260790461528,0.14738748860364712,0.039475088343784465,0.10002977076510866,00800000a0001794
LOGO,0.2,sigmoid,equal_frequency,7.0,336,0.2002340516138164,0.10119047619047619,0.14760417140413712,0.2523148153550353,0.09904357542334022,0.10002977076510866,00800000a0001794
LOGO,0.2,sigmoid,equal_frequency,8.0,336,0.29999776873422673,0.22321428571428573,0.2523363108233545,0.3398543407589768,0.076783483019941,0.10002977076510866,00800000a0001794
LOGO,0.2,sigmoid,equal_frequency,9.0,336,0.3688109230582617,0.3869047619047619,0.3399366983483508,0.39140513272286276,0.018093838846500232,0.10002977076510866,00800000a0001794
LOGO,0.2,isotonic,equal_width,0.0,2327,0.02246068065364089,0.01633003867640739,0.0,0.09271523178807947,0.006130641977233502,0.6927657040785948,00800000a0001794
LOGO,0.2,isotonic,equal_width,1.0,234,0.14750395663388666,0.08547008547008547,0.11764705882352941,0.15126050420168066,0.062033871163801185,0.06966359035427211,00800000a0001794
LOGO,0.2,isotonic,equal_width,2.0,194,0.2522205505683679,0.14432989690721648,0.21428571428571427,0.29710603407657327,0.10789065366115141,0.05775528431080679,00800000a0001794
LOGO,0.2,isotonic,equal_width,3.0,350,0.37052500489617113,0.26571428571428574,0.3094145581986055,0.3711340206185567,0.10481071918188539,0.10419767788032153,00800000a0001794
LOGO,0.2,isotonic,equal_width,6.0,1,0.6203534020303666,1.0,0.6203534020303666,0.6203534020303666,0.3796465979696334,0.00029770765108663293,00800000a0001794
LOGO,0.2,isotonic,equal_width,7.0,124,0.7061435308157916,0.3064516129032258,0.7058823529411765,0.7382684093934561,0.3996919179125658,0.03691574873474248,00800000a0001794
LOGO,0.2,isotonic,equal_width,8.0,1,0.8965950491121514,1.0,0.8965950491121514,0.8965950491121514,0.10340495088784862,0.00029770765108663293,00800000a0001794
LOGO,0.2,isotonic,equal_width,9.0,128,0.9992488642794595,0.4765625,0.9254084331372354,1.0,0.5226863642794595,0.038106579339089015,00800000a0001794
LOGO,0.2,isotonic,equal_frequency,0.0,1276,0.000974868436586105,0.003918495297805642,0.0,0.0030464584920030465,0.002943626861219537,0.3798749627865436,00800000a0001794
LOGO,0.2,isotonic,equal_frequency,1.0,98,0.00628930817610063,0.02040816326530612,0.006289308176100629,0.006289308176100629,0.01411885508920549,0.029175349806490027,00800000a0001794
LOGO,0.2,isotonic,equal_frequency,2.0,373,0.02124323257736213,0.0160857908847185,0.014268727705112961,0.030035335689045935,0.005157441692643632,0.11104495385531409,00800000a0001794
LOGO,0.2,isotonic,equal_frequency,3.0,270,0.05529642960648298,0.025925925925925925,0.03680981595092025,0.07575757575757576,0.029370503680557058,0.0803810657933909,00800000a0001794
LOGO,0.2,isotonic,equal_frequency,4.0,335,0.09102428143332053,0.0626865671641791,0.076456220173672,0.11764705882352941,0.02833771426914143,0.09973206311402202,00800000a0001794
LOGO,0.2,isotonic,equal_frequency,5.0,335,0.18361819726826464,0.10149253731343283,0.13241464670923442,0.2747750830349499,0.08212565995483181,0.09973206311402202,00800000a0001794
LOGO,0.2,isotonic,equal_frequency,6.0,418,0.3556870617722389,0.24880382775119617,0.27772942189659516,0.3711340206185567,0.10688323402104274,0.12444179815421257,00800000a0001794
LOGO,0.2,isotonic,equal_frequency,7.0,254,0.854262208267998,0.39763779527559057,0.6203534020303666,1.0,0.45662441299240747,0.07561774337600477,00800000a0001794
LOGO,0.2,uncalibrated,equal_width,0.0,59,0.042915718377632715,0.0,2.7086740285652583e-10,0.0996018516678107,0.042915718377632715,0.1787878787878788,00800000a0001914
LOGO,0.2,uncalibrated,equal_width,1.0,58,0.15097250318022956,0.0,0.10203637295172188,0.19859407064869317,0.15097250318022956,0.17575757575757575,00800000a0001914
LOGO,0.2,uncalibrated,equal_width,2.0,35,0.2418519324826529,0.0,0.20025775887977718,0.294897349875848,0.2418519324826529,0.10606060606060606,00800000a0001914
LOGO,0.2,uncalibrated,equal_width,3.0,17,0.34115398689398857,0.0,0.3035920575520342,0.39285137102615475,0.34115398689398857,0.051515151515151514,00800000a0001914
LOGO,0.2,uncalibrated,equal_width,4.0,13,0.4482214939508597,0.0,0.40220904032616595,0.48832712451539434,0.4482214939508597,0.03939393939393939,00800000a0001914
LOGO,0.2,uncalibrated,equal_width,5.0,18,0.5480324228408925,0.05555555555555555,0.5052825358414814,0.5927891825826492,0.4924768672853369,0.05454545454545454,00800000a0001914
LOGO,0.2,uncalibrated,equal_width,6.0,29,0.6430526121609978,0.034482758620689655,0.608221797660953,0.6985193024461006,0.6085698535403082,0.08787878787878788,00800000a0001914
LOGO,0.2,uncalibrated,equal_width,7.0,21,0.7519683988801935,0.0,0.7055337573828233,0.7998583920364847,0.7519683988801935,0.06363636363636363,00800000a0001914
LOGO,0.2,uncalibrated,equal_width,8.0,29,0.8514453732645598,0.20689655172413793,0.8006027713827735,0.8965828307493677,0.6445488215404219,0.08787878787878788,00800000a0001914
LOGO,0.2,uncalibrated,equal_width,9.0,51,0.957991940633584,0.23529411764705882,0.9028481310062142,0.9999515369333135,0.7226978229865251,0.15454545454545454,00800000a0001914
LOGO,0.2,uncalibrated,equal_frequency,0.0,33,0.019451898423671826,0.0,2.7086740285652583e-10,0.038523319159900066,0.019451898423671826,0.1,00800000a0001914
LOGO,0.2,uncalibrated,equal_frequency,1.0,33,0.08023522383019947,0.0,0.03944168148698443,0.11098502800007098,0.08023522383019947,0.1,00800000a0001914
LOGO,0.2,uncalibrated,equal_frequency,2.0,33,0.14120674227259353,0.0,0.11580258707903529,0.16812925925196223,0.14120674227259353,0.1,00800000a0001914
LOGO,0.2,uncalibrated,equal_frequency,3.0,33,0.19824549258345242,0.0,0.16829071840652854,0.22761602208277817,0.19824549258345242,0.1,00800000a0001914
LOGO,0.2,uncalibrated,equal_frequency,4.0,33,0.2894805942061447,0.0,0.23000578461101523,0.36342944762144824,0.2894805942061447,0.1,00800000a0001914
LOGO,0.2,uncalibrated,equal_frequency,5.0,33,0.4853095514404694,0.030303030303030304,0.37027021767291823,0.5685676632201991,0.4550065211374391,0.1,00800000a0001914
LOGO,0.2,uncalibrated,equal_frequency,6.0,33,0.6439498076276915,0.030303030303030304,0.5918682417733578,0.7116267173060511,0.6136467773246612,0.1,00800000a0001914
LOGO,0.2,uncalibrated,equal_frequency,7.0,33,0.7858357078864902,0.09090909090909091,0.7194674561674577,0.8475691356534388,0.6949266169773992,0.1,00800000a0001914
LOGO,0.2,uncalibrated,equal_frequency,8.0,33,0.9012455152232249,0.12121212121212122,0.8481786687947792,0.9391559182983378,0.7800333940111037,0.1,00800000a0001914
LOGO,0.2,uncalibrated,equal_frequency,9.0,33,0.9772727374593823,0.3333333333333333,0.9406132640857389,0.9999515369333135,0.6439394041260489,0.1,00800000a0001914
LOGO,0.2,sigmoid,equal_width,0.0,238,0.014108667388922214,0.008403361344537815,0.0005315105261801911,0.09880573883792108,0.005705306044384399,0.7212121212121212,00800000a0001914
LOGO,0.2,sigmoid,equal_width,1.0,28,0.1511969130759437,0.10714285714285714,0.10307270571015618,0.19862044613620103,0.044054055933086575,0.08484848484848485,00800000a0001914
LOGO,0.2,sigmoid,equal_width,2.0,25,0.2548853024481774,0.16,0.20947984345038662,0.2987977784137735,0.09488530244817742,0.07575757575757576,00800000a0001914
LOGO,0.2,sigmoid,equal_width,3.0,29,0.35310344923135806,0.1724137931034483,0.301817133127902,0.398453579299196,0.18068965612790977,0.08787878787878788,00800000a0001914
LOGO,0.2,sigmoid,equal_width,4.0,10,0.41122892358690527,0.6,0.40007777221172763,0.41691439147285736,0.1887710764130947,0.030303030303030304,00800000a0001914
LOGO,0.2,sigmoid,equal_frequency,0.0,33,0.0006140115035265831,0.0,0.0005315105261801911,0.0007014017609294531,0.0006140115035265831,0.1,00800000a0001914
LOGO,0.2,sigmoid,equal_frequency,1.0,33,0.0009585373889595531,0.0,0.0007060543476198493,0.0011816007385626896,0.0009585373889595531,0.1,00800000a0001914
LOGO,0.2,sigmoid,equal_frequency,2.0,33,0.0014763445397566522,0.0,0.0012232787778037341,0.001782370357210301,0.0014763445397566522,0.1,00800000a0001914
LOGO,0.2,sigmoid,equal_frequency,3.0,33,0.002228815623754574,0.0,0.0017844410726789433,0.002733390130855818,0.002228815623754574,0.1,00800000a0001914
LOGO,0.2,sigmoid,equal_frequency,4.0,33,0.00442573404987172,0.0,0.0027807241860997763,0.007238654513643837,0.00442573404987172,0.1,00800000a0001914
LOGO,0.2,sigmoid,equal_frequency,5.0,33,0.01889958110340117,0.030303030303030304,0.007601546326353506,0.03097205577720683,0.011403449199629132,0.1,00800000a0001914
LOGO,0.2,sigmoid,equal_frequency,6.0,33,0.053348759090112365,0.030303030303030304,0.036426677858510656,0.08221775216533211,0.02304572878708206,0.1,00800000a0001914
LOGO,0.2,sigmoid,equal_frequency,7.0,33,0.13621420768175224,0.09090909090909091,0.08658189098112291,0.19259449929810737,0.04530511677266133,0.1,00800000a0001914
LOGO,0.2,sigmoid,equal_frequency,8.0,33,0.2616183118353678,0.12121212121212122,0.19327825617625963,0.3157367347741327,0.1404061906232466,0.1,00800000a0001914
LOGO,0.2,sigmoid,equal_frequency,9.0,33,0.37827018898570286,0.3333333333333333,0.3180093755851022,0.41691439147285736,0.044936855652369545,0.1,00800000a0001914
LOGO,0.2,isotonic,equal_width,0.0,249,0.01882615895376287,0.008032128514056224,0.0,0.09774436090225563,0.010794030439706646,0.7545454545454545,00800000a0001914
LOGO,0.2,isotonic,equal_width,1.0,21,0.1447433654977822,0.14285714285714285,0.13114754098360656,0.15315315315315314,0.00188622264063934,0.06363636363636363,00800000a0001914
LOGO,0.2,isotonic,equal_width,2.0,16,0.28160667251975413,0.25,0.2647058823529412,0.29850746268656714,0.03160667251975413,0.048484848484848485,00800000a0001914
LOGO,0.2,isotonic,equal_width,3.0,25,0.3773571428571429,0.16,0.34375,0.4,0.2173571428571429,0.07575757575757576,00800000a0001914
LOGO,0.2,isotonic,equal_width,4.0,2,0.45016859598684666,0.0,0.44888266781556374,0.45145452415812964,0.45016859598684666,0.006060606060606061,00800000a0001914
LOGO,0.2,isotonic,equal_width,6.0,1,0.6144771650565439,0.0,0.6144771650565439,0.6144771650565439,0.6144771650565439,0.0030303030303030303,00800000a0001914
LOGO,0.2,isotonic,equal_width,7.0,6,0.7142857142857143,0.16666666666666666,0.7142857142857143,0.7142857142857143,0.5476190476190477,0.01818181818181818,00800000a0001914
LOGO,0.2,isotonic,equal_width,9.0,10,1.0,0.6,1.0,1.0,0.4,0.030303030303030304,00800000a0001914
LOGO,0.2,isotonic,equal_frequency,0.0,161,0.0009111196373432948,0.0,0.0,0.002711864406779661,0.0009111196373432948,0.48787878787878786,00800000a0001914
LOGO,0.2,isotonic,equal_frequency,1.0,6,0.00554016620498615,0.0,0.00554016620498615,0.00554016620498615,0.00554016620498615,0.01818181818181818,00800000a0001914
LOGO,0.2,isotonic,equal_frequency,2.0,31,0.02146613406116235,0.03225806451612903,0.011363636363636364,0.027607361963190184,0.01079193045496668,0.09393939393939393,00800000a0001914
LOGO,0.2,isotonic,equal_frequency,3.0,37,0.06715823305128307,0.02702702702702703,0.041176470588235294,0.07792207792207792,0.040131206024256044,0.11212121212121212,00800000a0001914
LOGO,0.2,isotonic,equal_frequency,4.0,35,0.12563109192299104,0.08571428571428572,0.08680085012193767,0.15315315315315314,0.03991680620870533,0.10606060606060606,00800000a0001914
LOGO,0.2,isotonic,equal_frequency,5.0,38,0.33525356136170104,0.21052631578947367,0.2647058823529412,0.38571428571428573,0.12472724557222736,0.11515151515151516,00800000a0001914
LOGO,0.2,isotonic,equal_frequency,6.0,22,0.7727513019429328,0.3181818181818182,0.4,1.0,0.45456948376111467,0.06666666666666667,00800000a0001914
